Date,Close,High,Low,Open,Volume,Ticker
5/13/2021,4112.5,4131.580078,4074.98999,4074.98999,4779540000,^GSPC
5/14/2021,4173.850098,4183.129883,4129.580078,4129.580078,4008880000,^GSPC
5/17/2021,4163.290039,4171.919922,4142.689941,4169.919922,4125050000,^GSPC
5/18/2021,4127.830078,4169.149902,4125.990234,4165.939941,4398150000,^GSPC
5/19/2021,4115.680176,4116.930176,4061.409912,4098.450195,4247450000,^GSPC
5/20/2021,4159.120117,4172.799805,4121.970215,4121.970215,3978880000,^GSPC
5/21/2021,4155.859863,4188.720215,4151.720215,4168.609863,3995250000,^GSPC
5/24/2021,4197.049805,4209.52002,4170.160156,4170.160156,3684800000,^GSPC
5/25/2021,4188.129883,4213.419922,4182.52002,4205.939941,4182250000,^GSPC
5/26/2021,4195.990234,4202.609863,4184.109863,4191.589844,4420890000,^GSPC
5/27/2021,4200.879883,4213.379883,4197.779785,4201.939941,6406310000,^GSPC
5/28/2021,4204.109863,4218.359863,4203.569824,4210.77002,4649250000,^GSPC
6/1/2021,4202.040039,4234.120117,4197.589844,4216.52002,5074670000,^GSPC
6/2/2021,4208.120117,4217.370117,4198.27002,4206.819824,5833670000,^GSPC
6/3/2021,4192.850098,4204.390137,4167.930176,4191.430176,5587970000,^GSPC
6/4/2021,4229.890137,4233.450195,4206.049805,4206.049805,4139790000,^GSPC
6/7/2021,4226.52002,4232.339844,4215.660156,4229.339844,4476920000,^GSPC
6/8/2021,4227.259766,4236.740234,4208.410156,4233.810059,4659620000,^GSPC
6/9/2021,4219.549805,4237.089844,4218.740234,4232.990234,4713260000,^GSPC
6/10/2021,4239.180176,4249.740234,4220.339844,4228.560059,4408210000,^GSPC
6/11/2021,4247.439941,4248.379883,4232.25,4242.899902,3815010000,^GSPC
6/14/2021,4255.149902,4255.589844,4234.069824,4248.310059,4151200000,^GSPC
6/15/2021,4246.589844,4257.160156,4238.350098,4255.279785,4048940000,^GSPC
6/16/2021,4223.700195,4251.890137,4202.450195,4248.870117,4538350000,^GSPC
6/17/2021,4221.859863,4232.290039,4196.049805,4220.370117,5312680000,^GSPC
6/18/2021,4166.450195,4204.779785,4164.399902,4204.779785,6817010000,^GSPC
6/21/2021,4224.790039,4226.240234,4173.399902,4173.399902,4128950000,^GSPC
6/22/2021,4246.439941,4255.839844,4217.27002,4224.609863,3828390000,^GSPC
6/23/2021,4241.839844,4256.600098,4241.430176,4249.27002,3730350000,^GSPC
6/24/2021,4266.490234,4271.279785,4256.970215,4256.970215,3816660000,^GSPC
6/25/2021,4280.700195,4286.120117,4271.160156,4274.450195,7341450000,^GSPC
6/28/2021,4290.609863,4292.140137,4274.669922,4284.899902,4147890000,^GSPC
6/29/2021,4291.799805,4300.52002,4287.040039,4293.209961,3707150000,^GSPC
6/30/2021,4297.5,4302.430176,4287.959961,4290.649902,4266040000,^GSPC
7/1/2021,4319.939941,4320.660156,4300.72998,4300.72998,3788230000,^GSPC
7/2/2021,4352.339844,4355.430176,4326.600098,4326.600098,3225840000,^GSPC
7/6/2021,4343.540039,4356.459961,4314.370117,4356.459961,4309570000,^GSPC
7/7/2021,4358.129883,4361.879883,4329.790039,4351.009766,4037380000,^GSPC
7/8/2021,4320.819824,4330.879883,4289.370117,4321.069824,4347500000,^GSPC
7/9/2021,4369.549805,4371.600098,4329.379883,4329.379883,3531120000,^GSPC
7/12/2021,4384.629883,4386.680176,4364.029785,4372.410156,3384460000,^GSPC
7/13/2021,4369.209961,4392.370117,4366.919922,4381.069824,3695430000,^GSPC
7/14/2021,4374.299805,4393.680176,4362.359863,4380.109863,4006370000,^GSPC
7/15/2021,4360.029785,4369.02002,4340.700195,4369.02002,3905230000,^GSPC
7/16/2021,4327.160156,4375.089844,4322.529785,4367.430176,3985700000,^GSPC
7/19/2021,4258.490234,4296.399902,4233.129883,4296.399902,5157660000,^GSPC
7/20/2021,4323.060059,4336.839844,4262.049805,4265.109863,4438270000,^GSPC
7/21/2021,4358.689941,4359.700195,4331.129883,4331.129883,3810280000,^GSPC
7/22/2021,4367.47998,4369.870117,4350.060059,4361.27002,3358300000,^GSPC
7/23/2021,4411.790039,4415.180176,4381.200195,4381.200195,4540070000,^GSPC
7/26/2021,4422.299805,4422.72998,4405.450195,4409.580078,4275630000,^GSPC
7/27/2021,4401.459961,4416.379883,4372.509766,4416.379883,4241950000,^GSPC
7/28/2021,4400.640137,4415.470215,4387.009766,4402.950195,4215290000,^GSPC
7/29/2021,4419.149902,4429.970215,4403.589844,4403.589844,4044600000,^GSPC
7/30/2021,4395.259766,4412.25,4389.649902,4395.120117,3956740000,^GSPC
8/2/2021,4387.160156,4422.180176,4384.810059,4406.859863,3724090000,^GSPC
8/3/2021,4423.149902,4423.790039,4373,4392.740234,3965190000,^GSPC
8/4/2021,4402.660156,4416.169922,4400.22998,4415.950195,4260760000,^GSPC
8/5/2021,4429.100098,4429.759766,4408.859863,4408.859863,3769410000,^GSPC
8/6/2021,4436.52002,4440.819824,4429.069824,4429.069824,3451870000,^GSPC
8/9/2021,4432.350098,4439.390137,4424.740234,4437.77002,3449280000,^GSPC
8/10/2021,4436.75,4445.209961,4430.029785,4435.790039,3886610000,^GSPC
8/11/2021,4442.410156,4449.439941,4436.419922,4442.180176,3532560000,^GSPC
8/12/2021,4460.830078,4461.77002,4435.959961,4446.080078,3375310000,^GSPC
8/13/2021,4468,4468.370117,4460.819824,4464.839844,3016470000,^GSPC
8/16/2021,4479.709961,4480.259766,4437.660156,4461.649902,3370640000,^GSPC
8/17/2021,4448.080078,4462.120117,4417.830078,4462.120117,3836960000,^GSPC
8/18/2021,4400.27002,4454.319824,4397.589844,4440.939941,3755590000,^GSPC
8/19/2021,4405.799805,4418.609863,4367.72998,4382.439941,4398410000,^GSPC
8/20/2021,4441.669922,4444.350098,4406.799805,4410.560059,3652610000,^GSPC
8/23/2021,4479.529785,4489.879883,4450.290039,4450.290039,3576530000,^GSPC
8/24/2021,4486.22998,4492.810059,4482.279785,4484.399902,3979220000,^GSPC
8/25/2021,4496.189941,4501.709961,4485.660156,4490.450195,3444700000,^GSPC
8/26/2021,4470,4495.899902,4468.990234,4493.75,3263980000,^GSPC
8/27/2021,4509.370117,4513.330078,4474.100098,4474.100098,3331200000,^GSPC
8/30/2021,4528.790039,4537.359863,4513.759766,4513.759766,3168660000,^GSPC
8/31/2021,4522.680176,4531.390137,4515.799805,4529.75,4290710000,^GSPC
9/1/2021,4524.089844,4537.109863,4522.02002,4528.799805,4057340000,^GSPC
9/2/2021,4536.950195,4545.850098,4524.660156,4534.47998,3735990000,^GSPC
9/3/2021,4535.430176,4541.450195,4521.299805,4532.419922,3217530000,^GSPC
9/7/2021,4520.029785,4535.379883,4513,4535.379883,3822960000,^GSPC
9/8/2021,4514.069824,4521.790039,4493.950195,4518.089844,3750880000,^GSPC
9/9/2021,4493.279785,4529.899902,4492.069824,4513.02002,3735390000,^GSPC
9/10/2021,4458.580078,4520.470215,4457.660156,4506.919922,3623180000,^GSPC
9/13/2021,4468.72998,4492.990234,4445.700195,4474.810059,3914220000,^GSPC
9/14/2021,4443.049805,4485.680176,4435.459961,4479.330078,3670460000,^GSPC
9/15/2021,4480.700195,4486.870117,4438.370117,4447.490234,4032020000,^GSPC
9/16/2021,4473.75,4485.870117,4443.799805,4477.089844,3984560000,^GSPC
9/17/2021,4432.990234,4471.52002,4427.759766,4469.740234,7289530000,^GSPC
9/20/2021,4357.72998,4402.950195,4305.910156,4402.950195,4898070000,^GSPC
9/21/2021,4354.189941,4394.870117,4347.959961,4374.450195,3920920000,^GSPC
9/22/2021,4395.640137,4416.75,4367.430176,4367.430176,3939170000,^GSPC
9/23/2021,4448.97998,4465.399902,4406.75,4406.75,3916350000,^GSPC
9/24/2021,4455.47998,4463.120117,4430.27002,4438.040039,3384290000,^GSPC
9/27/2021,4443.109863,4457.299805,4436.189941,4442.120117,4058650000,^GSPC
9/28/2021,4352.629883,4419.540039,4346.330078,4419.540039,4416550000,^GSPC
9/29/2021,4359.459961,4385.569824,4355.080078,4362.410156,3712660000,^GSPC
9/30/2021,4307.540039,4382.549805,4306.240234,4370.669922,4448140000,^GSPC
10/1/2021,4357.040039,4375.189941,4288.52002,4317.160156,4010370000,^GSPC
10/4/2021,4300.459961,4355.509766,4278.939941,4348.839844,4307870000,^GSPC
10/5/2021,4345.720215,4369.22998,4309.870117,4309.870117,3902890000,^GSPC
10/6/2021,4363.549805,4365.569824,4290.490234,4319.569824,4009630000,^GSPC
10/7/2021,4399.759766,4429.970215,4383.72998,4383.72998,3843740000,^GSPC
10/8/2021,4391.339844,4412.02002,4386.220215,4406.509766,3280160000,^GSPC
10/11/2021,4361.189941,4415.879883,4360.589844,4385.439941,3281970000,^GSPC
10/12/2021,4350.649902,4374.890137,4342.089844,4368.310059,3558450000,^GSPC
10/13/2021,4363.799805,4372.870117,4329.919922,4358.009766,3620070000,^GSPC
10/14/2021,4438.259766,4439.72998,4386.75,4386.75,3598280000,^GSPC
10/15/2021,4471.370117,4475.819824,4447.689941,4447.689941,3819380000,^GSPC
10/18/2021,4486.459961,4488.75,4447.470215,4463.720215,3662010000,^GSPC
10/19/2021,4519.629883,4520.399902,4496.410156,4497.339844,3459130000,^GSPC
10/20/2021,4536.189941,4540.870117,4524.399902,4524.419922,3670760000,^GSPC
10/21/2021,4549.779785,4551.439941,4526.890137,4532.240234,3822330000,^GSPC
10/22/2021,4544.899902,4559.669922,4524,4546.120117,3758220000,^GSPC
10/25/2021,4566.47998,4572.620117,4537.359863,4553.689941,3899400000,^GSPC
10/26/2021,4574.790039,4598.529785,4569.169922,4578.689941,3879740000,^GSPC
10/27/2021,4551.680176,4584.569824,4551.660156,4580.220215,4226050000,^GSPC
10/28/2021,4596.419922,4597.549805,4562.839844,4562.839844,4132950000,^GSPC
10/29/2021,4605.379883,4608.080078,4567.589844,4572.870117,4510200000,^GSPC
11/1/2021,4613.669922,4620.339844,4595.060059,4610.620117,3971540000,^GSPC
11/2/2021,4630.649902,4635.149902,4613.339844,4613.339844,3975250000,^GSPC
11/3/2021,4660.569824,4663.459961,4621.189941,4630.649902,4319660000,^GSPC
11/4/2021,4680.060059,4683,4662.589844,4662.930176,4462300000,^GSPC
11/5/2021,4697.529785,4718.5,4681.319824,4699.259766,4467180000,^GSPC
11/8/2021,4701.700195,4714.919922,4694.390137,4701.47998,4269710000,^GSPC
11/9/2021,4685.25,4708.529785,4670.870117,4707.25,4117080000,^GSPC
11/10/2021,4646.709961,4684.850098,4630.859863,4670.259766,4503720000,^GSPC
11/11/2021,4649.27002,4664.549805,4648.310059,4659.390137,3926870000,^GSPC
11/12/2021,4682.850098,4688.470215,4650.77002,4655.240234,3728600000,^GSPC
11/15/2021,4682.799805,4697.419922,4672.859863,4689.299805,3488410000,^GSPC
11/16/2021,4700.899902,4714.950195,4679.419922,4679.419922,3972640000,^GSPC
11/17/2021,4688.669922,4701.5,4684.410156,4701.5,3969070000,^GSPC
11/18/2021,4704.540039,4708.799805,4672.779785,4700.720215,4226410000,^GSPC
11/19/2021,4697.959961,4717.75,4694.220215,4708.439941,4253180000,^GSPC
11/22/2021,4682.939941,4743.830078,4682.169922,4712,4441100000,^GSPC
11/23/2021,4690.700195,4699.390137,4652.660156,4678.47998,4277590000,^GSPC
11/24/2021,4701.459961,4702.870117,4659.890137,4675.779785,3418430000,^GSPC
11/26/2021,4594.620117,4664.629883,4585.430176,4664.629883,3517700000,^GSPC
11/29/2021,4655.27002,4672.950195,4625.259766,4628.75,4336410000,^GSPC
11/30/2021,4567,4646.02002,4560,4640.25,6625990000,^GSPC
12/1/2021,4513.040039,4652.939941,4510.27002,4602.819824,5366730000,^GSPC
12/2/2021,4577.100098,4595.459961,4504.72998,4504.72998,5077180000,^GSPC
12/3/2021,4538.430176,4608.029785,4495.120117,4589.490234,5240070000,^GSPC
12/6/2021,4591.669922,4612.600098,4540.509766,4548.370117,4770800000,^GSPC
12/7/2021,4686.75,4694.040039,4631.970215,4631.970215,4492400000,^GSPC
12/8/2021,4701.209961,4705.060059,4674.52002,4690.859863,4234600000,^GSPC
12/9/2021,4667.450195,4695.259766,4665.97998,4691,3903840000,^GSPC
12/10/2021,4712.02002,4713.569824,4670.240234,4687.640137,3870110000,^GSPC
12/13/2021,4668.970215,4710.299805,4667.600098,4710.299805,4397230000,^GSPC
12/14/2021,4634.089844,4660.470215,4606.52002,4642.990234,4485430000,^GSPC
12/15/2021,4709.850098,4712.600098,4611.220215,4636.459961,4910130000,^GSPC
12/16/2021,4668.669922,4731.990234,4651.890137,4719.129883,4829500000,^GSPC
12/17/2021,4620.640137,4666.700195,4600.220215,4652.5,7987090000,^GSPC
12/20/2021,4568.02002,4587.899902,4531.100098,4587.899902,4635700000,^GSPC
12/21/2021,4649.22998,4651.140137,4583.160156,4594.959961,4072430000,^GSPC
12/22/2021,4696.560059,4697.669922,4645.529785,4650.359863,3319610000,^GSPC
12/23/2021,4725.790039,4740.740234,4703.959961,4703.959961,2913040000,^GSPC
12/27/2021,4791.189941,4791.490234,4733.990234,4733.990234,2770290000,^GSPC
12/28/2021,4786.350098,4807.02002,4780.040039,4795.490234,2707920000,^GSPC
12/29/2021,4793.060059,4804.060059,4778.080078,4788.640137,2963310000,^GSPC
12/30/2021,4778.72998,4808.930176,4775.330078,4794.22998,3124950000,^GSPC
12/31/2021,4766.180176,4786.830078,4765.75,4775.209961,2677820000,^GSPC
1/3/2022,4796.560059,4796.640137,4758.169922,4778.140137,3831020000,^GSPC
1/4/2022,4793.540039,4818.620117,4774.27002,4804.509766,4683170000,^GSPC
1/5/2022,4700.580078,4797.700195,4699.439941,4787.990234,4887960000,^GSPC
1/6/2022,4696.049805,4725.009766,4671.259766,4693.390137,4295280000,^GSPC
1/7/2022,4677.029785,4707.950195,4662.740234,4697.660156,4181510000,^GSPC
1/10/2022,4670.290039,4673.02002,4582.240234,4655.339844,4511810000,^GSPC
1/11/2022,4713.069824,4714.129883,4638.27002,4669.140137,4101590000,^GSPC
1/12/2022,4726.350098,4748.830078,4706.709961,4728.589844,4048220000,^GSPC
1/13/2022,4659.029785,4744.129883,4650.290039,4733.560059,4251730000,^GSPC
1/14/2022,4662.850098,4665.129883,4614.75,4637.990234,4338490000,^GSPC
1/18/2022,4577.109863,4632.240234,4568.700195,4632.240234,4748700000,^GSPC
1/19/2022,4532.759766,4611.549805,4530.200195,4588.029785,4465740000,^GSPC
1/20/2022,4482.72998,4602.109863,4477.950195,4547.350098,4640870000,^GSPC
1/21/2022,4397.939941,4494.52002,4395.339844,4471.379883,5589100000,^GSPC
1/24/2022,4410.129883,4417.350098,4222.620117,4356.319824,6928110000,^GSPC
1/25/2022,4356.450195,4411.009766,4287.109863,4366.640137,5145050000,^GSPC
1/26/2022,4349.930176,4453.22998,4304.799805,4408.430176,5570640000,^GSPC
1/27/2022,4326.509766,4428.740234,4309.5,4380.580078,5214200000,^GSPC
1/28/2022,4431.850098,4432.720215,4292.459961,4336.189941,5031090000,^GSPC
1/31/2022,4515.549805,4516.890137,4414.02002,4431.790039,5098610000,^GSPC
2/1/2022,4546.540039,4550.490234,4483.529785,4519.569824,4816830000,^GSPC
2/2/2022,4589.379883,4595.310059,4544.319824,4566.390137,4481580000,^GSPC
2/3/2022,4477.439941,4542.879883,4470.390137,4535.410156,4401970000,^GSPC
2/4/2022,4500.529785,4539.660156,4451.5,4482.790039,4706290000,^GSPC
2/7/2022,4483.870117,4521.859863,4471.470215,4505.75,4228480000,^GSPC
2/8/2022,4521.540039,4531.319824,4465.399902,4480.02002,4459620000,^GSPC
2/9/2022,4587.180176,4590.029785,4547,4547,4524350000,^GSPC
2/10/2022,4504.080078,4588.919922,4484.310059,4553.240234,5314860000,^GSPC
2/11/2022,4418.640137,4526.330078,4401.410156,4506.27002,5251500000,^GSPC
2/14/2022,4401.669922,4426.220215,4364.839844,4412.609863,4600390000,^GSPC
2/15/2022,4471.069824,4472.77002,4429.279785,4429.279785,4430830000,^GSPC
2/16/2022,4475.009766,4489.549805,4429.680176,4455.75,4283640000,^GSPC
2/17/2022,4380.259766,4456.060059,4373.810059,4456.060059,4539420000,^GSPC
2/18/2022,4348.870117,4394.600098,4327.220215,4384.569824,4708060000,^GSPC
2/22/2022,4304.759766,4362.120117,4267.109863,4332.740234,5121900000,^GSPC
2/23/2022,4225.5,4341.509766,4221.509766,4324.930176,4797430000,^GSPC
2/24/2022,4288.700195,4294.72998,4114.649902,4155.77002,6752130000,^GSPC
2/25/2022,4384.649902,4385.339844,4286.830078,4298.379883,5177060000,^GSPC
2/28/2022,4373.939941,4388.839844,4315.120117,4354.169922,6071370000,^GSPC
3/1/2022,4306.259766,4378.450195,4279.540039,4363.140137,5846230000,^GSPC
3/2/2022,4386.540039,4401.47998,4322.560059,4322.560059,5337870000,^GSPC
3/3/2022,4363.490234,4416.779785,4345.560059,4401.310059,5039890000,^GSPC
3/4/2022,4328.870117,4342.120117,4284.97998,4342.120117,5797380000,^GSPC
3/7/2022,4201.089844,4327.009766,4199.850098,4327.009766,6940470000,^GSPC
3/8/2022,4170.700195,4276.939941,4157.870117,4202.660156,7243120000,^GSPC
3/9/2022,4277.879883,4299.399902,4223.100098,4223.100098,5662670000,^GSPC
3/10/2022,4259.52002,4268.279785,4209.799805,4252.549805,4980830000,^GSPC
3/11/2022,4204.310059,4291.009766,4200.490234,4279.5,4938640000,^GSPC
3/14/2022,4173.109863,4247.569824,4161.720215,4202.75,5574920000,^GSPC
3/15/2022,4262.450195,4271.049805,4187.899902,4188.819824,5392470000,^GSPC
3/16/2022,4357.859863,4358.899902,4251.990234,4288.140137,6309750000,^GSPC
3/17/2022,4411.669922,4412.669922,4335.649902,4345.109863,4985090000,^GSPC
3/18/2022,4463.120117,4465.399902,4390.569824,4407.339844,8278430000,^GSPC
3/21/2022,4461.180176,4481.75,4424.299805,4462.399902,4869820000,^GSPC
3/22/2022,4511.609863,4522,4469.100098,4469.100098,4754840000,^GSPC
3/23/2022,4456.240234,4501.069824,4455.810059,4493.100098,4550670000,^GSPC
3/24/2022,4520.160156,4520.580078,4465.169922,4469.97998,4131390000,^GSPC
3/25/2022,4543.060059,4546.029785,4501.069824,4522.910156,4305020000,^GSPC
3/28/2022,4575.52002,4575.649902,4517.689941,4541.089844,4312260000,^GSPC
3/29/2022,4631.600098,4637.299805,4589.660156,4602.859863,5085910000,^GSPC
3/30/2022,4602.450195,4627.77002,4581.319824,4624.200195,4385570000,^GSPC
3/31/2022,4530.410156,4603.069824,4530.410156,4599.02002,4823020000,^GSPC
4/1/2022,4545.859863,4548.700195,4507.569824,4540.319824,4562940000,^GSPC
4/4/2022,4582.640137,4583.5,4539.209961,4547.970215,4547350000,^GSPC
4/5/2022,4525.120117,4593.450195,4514.169922,4572.450195,4800620000,^GSPC
4/6/2022,4481.149902,4503.939941,4450.040039,4494.169922,4986830000,^GSPC
4/7/2022,4500.209961,4521.160156,4450.299805,4474.649902,4821490000,^GSPC
4/8/2022,4488.279785,4520.410156,4474.600098,4494.149902,4083200000,^GSPC
4/11/2022,4412.529785,4464.350098,4408.379883,4462.640137,4266290000,^GSPC
4/12/2022,4397.450195,4471,4381.339844,4437.589844,4152090000,^GSPC
4/13/2022,4446.589844,4453.919922,4392.700195,4394.299805,3828150000,^GSPC
4/14/2022,4392.589844,4460.459961,4390.77002,4449.120117,4083090000,^GSPC
4/18/2022,4391.689941,4410.310059,4370.299805,4385.629883,3910490000,^GSPC
4/19/2022,4462.209961,4471.029785,4390.629883,4390.629883,4108120000,^GSPC
4/20/2022,4459.450195,4488.290039,4448.759766,4472.259766,4290450000,^GSPC
4/21/2022,4393.660156,4512.939941,4384.470215,4489.169922,4636890000,^GSPC
4/22/2022,4271.779785,4385.830078,4267.620117,4385.830078,4651940000,^GSPC
4/25/2022,4296.120117,4299.02002,4200.819824,4255.339844,5240040000,^GSPC
4/26/2022,4175.200195,4278.140137,4175.040039,4278.140137,4689970000,^GSPC
4/27/2022,4183.959961,4240.709961,4162.899902,4186.52002,4769680000,^GSPC
4/28/2022,4287.5,4308.450195,4188.629883,4222.580078,4854180000,^GSPC
4/29/2022,4131.930176,4269.680176,4124.279785,4253.75,5084030000,^GSPC
5/2/2022,4155.379883,4169.810059,4062.51001,4130.609863,5163790000,^GSPC
5/3/2022,4175.47998,4200.100098,4147.080078,4159.779785,4582050000,^GSPC
5/4/2022,4300.169922,4307.660156,4148.910156,4181.180176,5136360000,^GSPC
5/5/2022,4146.870117,4270.430176,4106.009766,4270.430176,5077030000,^GSPC
5/6/2022,4123.339844,4157.689941,4067.909912,4128.169922,5116940000,^GSPC
5/9/2022,3991.23999,4081.27002,3975.47998,4081.27002,5954520000,^GSPC
5/10/2022,4001.050049,4068.820068,3958.169922,4035.179932,5885820000,^GSPC
5/11/2022,3935.179932,4049.090088,3928.820068,3990.080078,5816140000,^GSPC
5/12/2022,3930.080078,3964.800049,3858.870117,3903.949951,6286450000,^GSPC
5/13/2022,4023.889893,4038.879883,3963.899902,3963.899902,5183340000,^GSPC
5/16/2022,4008.01001,4046.459961,3983.98999,4013.02002,4415030000,^GSPC
5/17/2022,4088.850098,4090.719971,4033.929932,4052,4841410000,^GSPC
5/18/2022,3923.679932,4051.97998,3911.909912,4051.97998,5103220000,^GSPC
5/19/2022,3900.790039,3945.959961,3876.580078,3899,5113550000,^GSPC
5/20/2022,3901.360107,3943.419922,3810.320068,3927.76001,5130730000,^GSPC
5/23/2022,3973.75,3981.879883,3909.040039,3919.419922,4420030000,^GSPC
5/24/2022,3941.47998,3955.679932,3875.129883,3942.939941,4923190000,^GSPC
5/25/2022,3978.72998,3999.330078,3925.030029,3929.590088,4802560000,^GSPC
5/26/2022,4057.840088,4075.139893,3984.600098,3984.600098,4709970000,^GSPC
5/27/2022,4158.240234,4158.490234,4077.429932,4077.429932,4375620000,^GSPC
5/31/2022,4132.149902,4168.339844,4104.879883,4151.089844,6822640000,^GSPC
6/1/2022,4101.22998,4166.540039,4073.850098,4149.779785,4531800000,^GSPC
6/2/2022,4176.819824,4177.509766,4074.370117,4095.409912,4405790000,^GSPC
6/3/2022,4108.540039,4142.669922,4098.669922,4137.569824,3711110000,^GSPC
6/6/2022,4121.430176,4168.779785,4109.180176,4134.720215,4332700000,^GSPC
6/7/2022,4160.680176,4164.859863,4080.189941,4096.470215,4248210000,^GSPC
6/8/2022,4115.77002,4160.140137,4107.200195,4147.120117,4159470000,^GSPC
6/9/2022,4017.820068,4119.100098,4017.169922,4101.649902,4134170000,^GSPC
6/10/2022,3900.860107,3974.389893,3900.159912,3974.389893,4889640000,^GSPC
6/13/2022,3749.629883,3838.149902,3734.300049,3838.149902,5636890000,^GSPC
6/14/2022,3735.47998,3778.179932,3705.679932,3763.52002,5153890000,^GSPC
6/15/2022,3789.98999,3837.560059,3722.300049,3764.050049,5530480000,^GSPC
6/16/2022,3666.77002,3728.179932,3639.77002,3728.179932,5644930000,^GSPC
6/17/2022,3674.840088,3707.709961,3636.870117,3665.899902,8520740000,^GSPC
6/21/2022,3764.790039,3779.649902,3715.310059,3715.310059,5292260000,^GSPC
6/22/2022,3759.889893,3801.790039,3717.689941,3733.889893,5058990000,^GSPC
6/23/2022,3795.72998,3802.580078,3743.52002,3774.709961,5098640000,^GSPC
6/24/2022,3911.73999,3913.649902,3821.75,3821.75,8120260000,^GSPC
6/27/2022,3900.110107,3927.719971,3889.659912,3920.76001,4325310000,^GSPC
6/28/2022,3821.550049,3945.860107,3820.139893,3913,4270120000,^GSPC
6/29/2022,3818.830078,3836.5,3799.02002,3825.090088,4211240000,^GSPC
6/30/2022,3785.379883,3818.98999,3738.669922,3785.98999,4840070000,^GSPC
7/1/2022,3825.330078,3829.820068,3752.100098,3781,4046950000,^GSPC
7/5/2022,3831.389893,3832.189941,3742.060059,3792.610107,5076590000,^GSPC
7/6/2022,3845.080078,3870.909912,3809.370117,3831.97998,4417720000,^GSPC
7/7/2022,3902.620117,3910.629883,3858.850098,3858.850098,4057770000,^GSPC
7/8/2022,3899.379883,3918.5,3869.340088,3888.26001,3521620000,^GSPC
7/11/2022,3854.429932,3880.939941,3847.219971,3880.939941,3423480000,^GSPC
7/12/2022,3818.800049,3873.409912,3802.360107,3851.949951,3817210000,^GSPC
7/13/2022,3801.780029,3829.439941,3759.070068,3779.669922,4109390000,^GSPC
7/14/2022,3790.379883,3796.409912,3721.560059,3763.98999,4199690000,^GSPC
7/15/2022,3863.159912,3863.620117,3817.179932,3818,4143800000,^GSPC
7/18/2022,3830.850098,3902.439941,3818.629883,3883.790039,4046870000,^GSPC
7/19/2022,3936.689941,3939.810059,3860.72998,3860.72998,4041070000,^GSPC
7/20/2022,3959.899902,3974.129883,3922.030029,3935.320068,4185300000,^GSPC
7/21/2022,3998.949951,3999.290039,3927.639893,3955.469971,4132790000,^GSPC
7/22/2022,3961.629883,4012.439941,3938.860107,3998.429932,3979240000,^GSPC
7/25/2022,3966.840088,3975.300049,3943.459961,3965.719971,3568340000,^GSPC
7/26/2022,3921.050049,3953.219971,3910.73999,3953.219971,3778950000,^GSPC
7/27/2022,4023.610107,4039.560059,3951.429932,3951.429932,4112180000,^GSPC
7/28/2022,4072.429932,4078.949951,3992.969971,4026.129883,4413000000,^GSPC
7/29/2022,4130.290039,4140.149902,4079.219971,4087.330078,4616360000,^GSPC
8/1/2022,4118.629883,4144.950195,4096.02002,4112.379883,4202810000,^GSPC
8/2/2022,4091.189941,4140.470215,4079.810059,4104.209961,4727710000,^GSPC
8/3/2022,4155.169922,4167.660156,4107.959961,4107.959961,4351760000,^GSPC
8/4/2022,4151.939941,4161.290039,4135.419922,4154.850098,4283320000,^GSPC
8/5/2022,4145.189941,4151.580078,4107.310059,4115.870117,4085940000,^GSPC
8/8/2022,4140.060059,4186.620117,4128.970215,4155.930176,4221090000,^GSPC
8/9/2022,4122.470215,4137.299805,4112.089844,4133.109863,3913090000,^GSPC
8/10/2022,4210.240234,4211.029785,4177.259766,4181.02002,4546010000,^GSPC
8/11/2022,4207.27002,4257.910156,4201.410156,4227.399902,4630200000,^GSPC
8/12/2022,4280.149902,4280.470215,4219.779785,4225.02002,3788010000,^GSPC
8/15/2022,4297.140137,4301.790039,4256.899902,4269.370117,3696830000,^GSPC
8/16/2022,4305.200195,4325.279785,4277.77002,4290.459961,4329820000,^GSPC
8/17/2022,4274.040039,4302.180176,4253.080078,4280.399902,3885030000,^GSPC
8/18/2022,4283.740234,4292.529785,4261.97998,4273.129883,3340330000,^GSPC
8/19/2022,4228.47998,4266.310059,4218.700195,4266.310059,3761340000,^GSPC
8/22/2022,4137.990234,4195.080078,4129.859863,4195.080078,3907430000,^GSPC
8/23/2022,4128.72998,4159.77002,4124.029785,4133.089844,3823520000,^GSPC
8/24/2022,4140.77002,4156.560059,4119.970215,4126.549805,3583630000,^GSPC
8/25/2022,4199.120117,4200.540039,4147.589844,4153.259766,3566870000,^GSPC
8/26/2022,4057.659912,4203.040039,4057.659912,4198.740234,3832750000,^GSPC
8/29/2022,4030.610107,4062.98999,4017.419922,4034.580078,3396510000,^GSPC
8/30/2022,3986.159912,4044.97998,3965.209961,4041.25,3835860000,^GSPC
8/31/2022,3955,4015.370117,3954.530029,4000.669922,4542490000,^GSPC
9/1/2022,3966.850098,3970.22998,3903.649902,3936.72998,4152250000,^GSPC
9/2/2022,3924.26001,4018.429932,3906.209961,3994.659912,3665850000,^GSPC
9/6/2022,3908.189941,3942.550049,3886.75,3930.889893,4127340000,^GSPC
9/7/2022,3979.870117,3987.889893,3906.030029,3909.429932,3890320000,^GSPC
9/8/2022,4006.179932,4010.5,3944.810059,3959.939941,3966850000,^GSPC
9/9/2022,4067.360107,4076.810059,4022.939941,4022.939941,3901940000,^GSPC
9/12/2022,4110.410156,4119.279785,4083.669922,4083.669922,3814200000,^GSPC
9/13/2022,3932.689941,4037.120117,3921.280029,4037.120117,4224550000,^GSPC
9/14/2022,3946.01001,3961.939941,3912.179932,3940.72998,4293240000,^GSPC
9/15/2022,3901.350098,3959.139893,3888.280029,3932.409912,4441830000,^GSPC
9/16/2022,3873.330078,3880.949951,3837.080078,3880.949951,7954650000,^GSPC
9/19/2022,3899.889893,3900.449951,3838.5,3849.909912,3766850000,^GSPC
9/20/2022,3855.929932,3876.01001,3827.540039,3875.22998,4058050000,^GSPC
9/21/2022,3789.929932,3907.070068,3789.48999,3871.399902,4078330000,^GSPC
9/22/2022,3757.98999,3790.899902,3749.449951,3782.360107,4284600000,^GSPC
9/23/2022,3693.22998,3727.139893,3647.469971,3727.139893,5144270000,^GSPC
9/26/2022,3655.040039,3715.669922,3644.76001,3682.719971,4886140000,^GSPC
9/27/2022,3647.290039,3717.530029,3623.290039,3686.439941,4577740000,^GSPC
9/28/2022,3719.040039,3736.73999,3640.610107,3651.939941,4684850000,^GSPC
9/29/2022,3640.469971,3687.01001,3610.399902,3687.01001,4681810000,^GSPC
9/30/2022,3585.620117,3671.439941,3584.129883,3633.47998,5645360000,^GSPC
10/3/2022,3678.429932,3698.350098,3604.929932,3609.780029,4806680000,^GSPC
10/4/2022,3790.929932,3791.919922,3726.459961,3726.459961,5146580000,^GSPC
10/5/2022,3783.280029,3806.909912,3722.659912,3753.25,4293180000,^GSPC
10/6/2022,3744.52002,3797.929932,3739.219971,3771.969971,4252100000,^GSPC
10/7/2022,3639.659912,3706.73999,3620.72998,3706.73999,4449660000,^GSPC
10/10/2022,3612.389893,3652.169922,3588.100098,3647.51001,3834320000,^GSPC
10/11/2022,3588.840088,3640.659912,3568.449951,3595.860107,4759030000,^GSPC
10/12/2022,3577.030029,3608.340088,3573.860107,3590.830078,4006830000,^GSPC
10/13/2022,3669.909912,3685.409912,3491.580078,3520.370117,5021680000,^GSPC
10/14/2022,3583.070068,3712,3579.679932,3690.409912,4243030000,^GSPC
10/17/2022,3677.949951,3689.72998,3638.649902,3638.649902,4352780000,^GSPC
10/18/2022,3719.97998,3762.790039,3686.530029,3746.26001,4483740000,^GSPC
10/19/2022,3695.159912,3728.580078,3666.51001,3703.110107,4223800000,^GSPC
10/20/2022,3665.780029,3736,3656.439941,3689.050049,4496620000,^GSPC
10/21/2022,3752.75,3757.889893,3647.419922,3657.100098,5078020000,^GSPC
10/24/2022,3797.340088,3810.73999,3741.649902,3762.01001,4747930000,^GSPC
10/25/2022,3859.110107,3862.850098,3799.439941,3799.439941,4843120000,^GSPC
10/26/2022,3830.600098,3886.149902,3824.070068,3825.969971,4817310000,^GSPC
10/27/2022,3807.300049,3859.949951,3803.790039,3834.689941,4687320000,^GSPC
10/28/2022,3901.060059,3905.419922,3808.26001,3808.26001,4459410000,^GSPC
10/31/2022,3871.97998,3893.72998,3863.179932,3881.850098,4820620000,^GSPC
11/1/2022,3856.100098,3911.790039,3843.800049,3901.790039,4481210000,^GSPC
11/2/2022,3759.689941,3894.439941,3758.679932,3852.899902,4899000000,^GSPC
11/3/2022,3719.889893,3750.590088,3698.149902,3733.25,4625290000,^GSPC
11/4/2022,3770.550049,3796.340088,3708.840088,3766.97998,5400180000,^GSPC
11/7/2022,3806.800049,3813.949951,3764.699951,3780.709961,4341620000,^GSPC
11/8/2022,3828.110107,3859.399902,3786.280029,3817.02002,4607640000,^GSPC
11/9/2022,3748.570068,3818.199951,3744.219971,3810.939941,4645010000,^GSPC
11/10/2022,3956.370117,3958.330078,3859.889893,3859.889893,5781260000,^GSPC
11/11/2022,3992.929932,4001.47998,3944.820068,3963.719971,5593310000,^GSPC
11/14/2022,3957.25,4008.969971,3956.399902,3977.969971,4561930000,^GSPC
11/15/2022,3991.72998,4028.840088,3953.169922,4006.409912,5015310000,^GSPC
11/16/2022,3958.790039,3983.090088,3954.340088,3976.820068,4165320000,^GSPC
11/17/2022,3946.560059,3954.330078,3906.540039,3919.26001,4051780000,^GSPC
11/18/2022,3965.340088,3979.889893,3935.97998,3966.389893,4037360000,^GSPC
11/21/2022,3949.939941,3962,3933.340088,3956.22998,3850690000,^GSPC
11/22/2022,4003.580078,4005.879883,3956.879883,3965.51001,3887990000,^GSPC
11/23/2022,4027.26001,4033.780029,3998.659912,4000.300049,3279720000,^GSPC
11/25/2022,4026.120117,4034.02002,4020.76001,4023.340088,1706460000,^GSPC
11/28/2022,3963.939941,4012.27002,3955.77002,4005.360107,3615430000,^GSPC
11/29/2022,3957.629883,3976.77002,3937.649902,3964.189941,3546040000,^GSPC
11/30/2022,4080.110107,4080.110107,3938.580078,3957.179932,6579360000,^GSPC
12/1/2022,4076.570068,4100.509766,4050.870117,4087.139893,4527130000,^GSPC
12/2/2022,4071.699951,4080.47998,4026.629883,4040.169922,4012620000,^GSPC
12/5/2022,3998.840088,4052.449951,3984.48999,4052.02002,4280820000,^GSPC
12/6/2022,3941.26001,4001.51001,3918.389893,3996.629883,4368380000,^GSPC
12/7/2022,3933.919922,3957.570068,3922.679932,3933.280029,4118050000,^GSPC
12/8/2022,3963.51001,3974.189941,3935.830078,3947.790039,4006900000,^GSPC
12/9/2022,3934.379883,3977.02002,3933.040039,3954.169922,3888260000,^GSPC
12/12/2022,3990.560059,3990.709961,3935.300049,3939.290039,3904130000,^GSPC
12/13/2022,4019.649902,4100.959961,3993.030029,4069.379883,5079360000,^GSPC
12/14/2022,3995.320068,4053.76001,3965.649902,4015.540039,4472340000,^GSPC
12/15/2022,3895.75,3958.370117,3879.449951,3958.370117,4493900000,^GSPC
12/16/2022,3852.360107,3890.909912,3827.909912,3890.909912,7493660000,^GSPC
12/19/2022,3817.659912,3854.860107,3800.040039,3853.790039,3969610000,^GSPC
12/20/2022,3821.620117,3838.23999,3795.620117,3810.469971,3985370000,^GSPC
12/21/2022,3878.439941,3889.820068,3839.48999,3839.48999,3775200000,^GSPC
12/22/2022,3822.389893,3853.26001,3764.48999,3853.26001,3956950000,^GSPC
12/23/2022,3844.820068,3845.800049,3797.01001,3815.110107,2819280000,^GSPC
12/27/2022,3829.25,3846.649902,3813.219971,3843.340088,3030300000,^GSPC
12/28/2022,3783.219971,3848.320068,3780.780029,3829.560059,3083520000,^GSPC
12/29/2022,3849.280029,3858.189941,3805.449951,3805.449951,3003680000,^GSPC
12/30/2022,3839.5,3839.850098,3800.340088,3829.060059,2979870000,^GSPC
1/3/2023,3824.139893,3878.459961,3794.330078,3853.290039,3959140000,^GSPC
1/4/2023,3852.969971,3873.159912,3815.77002,3840.360107,4414080000,^GSPC
1/5/2023,3808.100098,3839.73999,3802.419922,3839.73999,3893450000,^GSPC
1/6/2023,3895.080078,3906.189941,3809.560059,3823.370117,3923560000,^GSPC
1/9/2023,3892.090088,3950.570068,3890.419922,3910.820068,4311770000,^GSPC
1/10/2023,3919.25,3919.830078,3877.290039,3888.570068,3851030000,^GSPC
1/11/2023,3969.610107,3970.070068,3928.540039,3932.350098,4303360000,^GSPC
1/12/2023,3983.169922,3997.76001,3937.560059,3977.570068,4440260000,^GSPC
1/13/2023,3999.090088,4003.949951,3947.669922,3960.600098,3939700000,^GSPC
1/17/2023,3990.969971,4015.389893,3984.570068,3999.280029,4235560000,^GSPC
1/18/2023,3928.860107,4014.159912,3926.590088,4002.25,4298710000,^GSPC
1/19/2023,3898.850098,3922.939941,3885.540039,3911.840088,3991500000,^GSPC
1/20/2023,3972.610107,3972.959961,3897.860107,3909.040039,4013360000,^GSPC
1/23/2023,4019.810059,4039.310059,3971.639893,3978.139893,3945210000,^GSPC
1/24/2023,4016.949951,4023.919922,3989.790039,4001.73999,3320430000,^GSPC
1/25/2023,4016.219971,4019.550049,3949.060059,3982.709961,3724020000,^GSPC
1/26/2023,4060.429932,4061.570068,4013.290039,4036.080078,3809590000,^GSPC
1/27/2023,4070.560059,4094.209961,4048.699951,4053.719971,3907760000,^GSPC
1/30/2023,4017.77002,4063.850098,4015.550049,4049.27002,3802000000,^GSPC
1/31/2023,4076.600098,4077.159912,4020.439941,4020.850098,4679320000,^GSPC
2/1/2023,4119.209961,4148.950195,4037.199951,4070.070068,4856930000,^GSPC
2/2/2023,4179.759766,4195.439941,4141.879883,4158.680176,5624360000,^GSPC
2/3/2023,4136.47998,4182.359863,4123.359863,4136.689941,4694510000,^GSPC
2/6/2023,4111.080078,4124.629883,4093.379883,4119.569824,4114240000,^GSPC
2/7/2023,4164,4176.540039,4088.389893,4105.350098,4355860000,^GSPC
2/8/2023,4117.859863,4156.850098,4111.669922,4153.470215,4029820000,^GSPC
2/9/2023,4081.5,4156.22998,4069.669922,4144.25,4270200000,^GSPC
2/10/2023,4090.459961,4094.360107,4060.790039,4068.919922,3891520000,^GSPC
2/13/2023,4137.290039,4138.899902,4092.669922,4096.620117,3448620000,^GSPC
2/14/2023,4136.129883,4159.77002,4095.01001,4126.700195,3929200000,^GSPC
2/15/2023,4147.600098,4148.109863,4103.97998,4119.5,4075980000,^GSPC
2/16/2023,4090.409912,4136.540039,4089.48999,4114.75,4143660000,^GSPC
2/17/2023,4079.090088,4081.51001,4047.949951,4077.389893,4045480000,^GSPC
2/21/2023,3997.340088,4052.350098,3995.189941,4052.350098,4121590000,^GSPC
2/22/2023,3991.050049,4017.370117,3976.899902,4001.830078,4079320000,^GSPC
2/23/2023,4012.320068,4028.300049,3969.189941,4018.600098,3952940000,^GSPC
2/24/2023,3970.040039,3978.25,3943.080078,3973.23999,3877700000,^GSPC
2/27/2023,3982.23999,4018.050049,3973.550049,3992.360107,3836950000,^GSPC
2/28/2023,3970.149902,3997.5,3968.97998,3977.189941,5043400000,^GSPC
3/1/2023,3951.389893,3971.72998,3939.050049,3963.340088,4249480000,^GSPC
3/2/2023,3981.350098,3990.840088,3928.159912,3938.679932,4244900000,^GSPC
3/3/2023,4045.639893,4048.290039,3995.169922,3998.02002,4084730000,^GSPC
3/6/2023,4048.419922,4078.48999,4044.610107,4055.149902,4000870000,^GSPC
3/7/2023,3986.370117,4050,3980.310059,4048.26001,3922500000,^GSPC
3/8/2023,3992.01001,4000.409912,3969.76001,3987.550049,3535570000,^GSPC
3/9/2023,3918.320068,4017.810059,3908.699951,3998.659912,4445260000,^GSPC
3/10/2023,3861.590088,3934.050049,3846.320068,3912.77002,5518190000,^GSPC
3/13/2023,3855.76001,3905.050049,3808.860107,3835.120117,6558020000,^GSPC
3/14/2023,3919.290039,3937.290039,3873.629883,3894.01001,5665870000,^GSPC
3/15/2023,3891.929932,3894.26001,3838.23999,3876.73999,6594010000,^GSPC
3/16/2023,3960.280029,3964.459961,3864.110107,3878.929932,5695790000,^GSPC
3/17/2023,3916.639893,3958.909912,3901.27002,3958.689941,9354280000,^GSPC
3/20/2023,3951.570068,3956.620117,3916.889893,3917.469971,5347140000,^GSPC
3/21/2023,4002.870117,4009.080078,3971.189941,3975.889893,4920240000,^GSPC
3/22/2023,3936.969971,4039.48999,3936.169922,4002.040039,4533010000,^GSPC
3/23/2023,3948.719971,4007.659912,3919.050049,3959.209961,4991600000,^GSPC
3/24/2023,3970.98999,3972.73999,3909.159912,3939.209961,4583970000,^GSPC
3/27/2023,3977.530029,4003.830078,3970.48999,3982.929932,4233540000,^GSPC
3/28/2023,3971.27002,3979.199951,3951.530029,3974.129883,4014600000,^GSPC
3/29/2023,4027.810059,4030.590088,3999.530029,3999.530029,4145250000,^GSPC
3/30/2023,4050.830078,4057.850098,4032.100098,4046.73999,3930860000,^GSPC
3/31/2023,4109.310059,4110.75,4056.179932,4056.179932,4525120000,^GSPC
4/3/2023,4124.509766,4127.660156,4098.790039,4102.200195,4234700000,^GSPC
4/4/2023,4100.600098,4133.129883,4086.870117,4128.029785,4227800000,^GSPC
4/5/2023,4090.379883,4099.689941,4072.560059,4094.5,3968020000,^GSPC
4/6/2023,4105.02002,4107.319824,4069.840088,4081.149902,3486690000,^GSPC
4/10/2023,4109.109863,4109.5,4072.550049,4085.199951,3423650000,^GSPC
4/11/2023,4108.939941,4124.259766,4102.609863,4110.290039,3665830000,^GSPC
4/12/2023,4091.949951,4134.370117,4086.939941,4121.720215,3633120000,^GSPC
4/13/2023,4146.220215,4150.259766,4099.399902,4100.040039,3596590000,^GSPC
4/14/2023,4137.640137,4163.189941,4113.200195,4140.109863,3575690000,^GSPC
4/17/2023,4151.319824,4151.720215,4123.180176,4137.169922,3611180000,^GSPC
4/18/2023,4154.870117,4169.47998,4140.359863,4164.259766,3536640000,^GSPC
4/19/2023,4154.52002,4162.569824,4134.490234,4139.330078,3572560000,^GSPC
4/20/2023,4129.790039,4148.569824,4114.569824,4130.47998,3772080000,^GSPC
4/21/2023,4133.52002,4138.02002,4113.859863,4132.140137,3611750000,^GSPC
4/24/2023,4137.040039,4142.410156,4117.77002,4132.069824,3290940000,^GSPC
4/25/2023,4071.629883,4126.430176,4071.379883,4126.430176,3978640000,^GSPC
4/26/2023,4055.98999,4089.669922,4049.350098,4087.780029,3837030000,^GSPC
4/27/2023,4135.350098,4138.240234,4075.290039,4075.290039,3750550000,^GSPC
4/28/2023,4169.47998,4170.060059,4127.180176,4129.629883,4087800000,^GSPC
5/1/2023,4167.870117,4186.919922,4164.120117,4166.790039,3321370000,^GSPC
5/2/2023,4119.580078,4164.100098,4089.719971,4164.100098,4486130000,^GSPC
5/3/2023,4090.75,4148.299805,4088.860107,4122.25,4246510000,^GSPC
5/4/2023,4061.219971,4082.610107,4048.280029,4082.550049,4920090000,^GSPC
5/5/2023,4136.25,4147.02002,4084.72998,4084.72998,4186270000,^GSPC
5/8/2023,4138.120117,4142.299805,4123.810059,4136.97998,3641640000,^GSPC
5/9/2023,4119.169922,4130.350098,4116.649902,4124.25,3810140000,^GSPC
5/10/2023,4137.640137,4154.279785,4098.919922,4143.740234,4057160000,^GSPC
5/11/2023,4130.620117,4132.799805,4109.290039,4132.240234,3752900000,^GSPC
5/12/2023,4124.080078,4143.740234,4099.120117,4138.540039,3533740000,^GSPC
5/15/2023,4136.279785,4141.25,4110.27002,4126.649902,3562170000,^GSPC
5/16/2023,4109.899902,4135.540039,4109.859863,4127.950195,3654200000,^GSPC
5/17/2023,4158.77002,4164.669922,4113.620117,4122.850098,4039080000,^GSPC
5/18/2023,4198.049805,4202.200195,4153.5,4157.680176,3980500000,^GSPC
5/19/2023,4191.97998,4212.910156,4180.200195,4204.149902,4041900000,^GSPC
5/22/2023,4192.629883,4209.220215,4179.680176,4190.779785,3728520000,^GSPC
5/23/2023,4145.580078,4185.680176,4142.540039,4176.799805,4155320000,^GSPC
5/24/2023,4115.240234,4132.959961,4103.97998,4132.959961,0,^GSPC
5/25/2023,4151.279785,4165.740234,4129.72998,4155.709961,4147760000,^GSPC
5/26/2023,4205.450195,4212.870117,4156.160156,4156.160156,3715460000,^GSPC
5/30/2023,4205.52002,4231.100098,4192.180176,4226.709961,4228510000,^GSPC
5/31/2023,4179.830078,4195.439941,4166.149902,4190.740234,5980670000,^GSPC
6/1/2023,4221.02002,4232.430176,4171.640137,4183.029785,4391860000,^GSPC
6/2/2023,4282.370117,4290.669922,4241.009766,4241.009766,4454200000,^GSPC
6/5/2023,4273.790039,4299.279785,4266.819824,4282.990234,3813290000,^GSPC
6/6/2023,4283.850098,4288.330078,4263.089844,4271.339844,3996560000,^GSPC
6/7/2023,4267.52002,4299.189941,4263.959961,4285.470215,4537800000,^GSPC
6/8/2023,4293.930176,4298.009766,4261.069824,4268.689941,3826740000,^GSPC
6/9/2023,4298.859863,4322.620117,4291.700195,4304.879883,3786510000,^GSPC
6/12/2023,4338.930176,4340.129883,4304.370117,4308.319824,3945670000,^GSPC
6/13/2023,4369.009766,4375.370117,4349.310059,4352.609863,4275400000,^GSPC
6/14/2023,4372.589844,4391.819824,4337.850098,4366.290039,4252110000,^GSPC
6/15/2023,4425.839844,4439.200195,4362.600098,4365.330078,4176690000,^GSPC
6/16/2023,4409.589844,4448.470215,4407.439941,4440.950195,6848600000,^GSPC
6/20/2023,4388.709961,4400.149902,4367.189941,4396.109863,4055790000,^GSPC
6/21/2023,4365.689941,4386.220215,4360.140137,4380.009766,3709330000,^GSPC
6/22/2023,4381.890137,4382.25,4351.819824,4355.399902,3511000000,^GSPC
6/23/2023,4348.330078,4366.549805,4341.339844,4354.169922,6053620000,^GSPC
6/26/2023,4328.819824,4362.060059,4328.080078,4344.839844,3415030000,^GSPC
6/27/2023,4378.410156,4384.419922,4335,4337.359863,3573500000,^GSPC
6/28/2023,4376.859863,4390.350098,4360.220215,4367.47998,3739330000,^GSPC
6/29/2023,4396.439941,4398.390137,4371.970215,4374.939941,3696660000,^GSPC
6/30/2023,4450.379883,4458.47998,4422.439941,4422.439941,3923450000,^GSPC
7/3/2023,4455.589844,4456.459961,4442.290039,4450.47998,2034280000,^GSPC
7/5/2023,4446.819824,4454.060059,4436.609863,4442.040039,3482620000,^GSPC
7/6/2023,4411.589844,4422.620117,4385.049805,4422.620117,3682020000,^GSPC
7/7/2023,4398.950195,4440.390137,4397.399902,4404.540039,3630480000,^GSPC
7/10/2023,4409.529785,4412.600098,4389.919922,4394.22998,3429600000,^GSPC
7/11/2023,4439.259766,4443.640137,4408.459961,4415.549805,3624220000,^GSPC
7/12/2023,4472.160156,4488.339844,4463.22998,4467.689941,3920290000,^GSPC
7/13/2023,4510.040039,4517.379883,4489.359863,4491.5,3839530000,^GSPC
7/14/2023,4505.419922,4527.759766,4499.560059,4514.609863,3647450000,^GSPC
7/17/2023,4522.790039,4532.850098,4504.899902,4508.859863,3538240000,^GSPC
7/18/2023,4554.97998,4562.299805,4514.589844,4521.779785,4090010000,^GSPC
7/19/2023,4565.720215,4578.430176,4557.47998,4563.870117,4115670000,^GSPC
7/20/2023,4534.870117,4564.740234,4527.560059,4554.379883,3761770000,^GSPC
7/21/2023,4536.339844,4555,4535.790039,4550.160156,3570190000,^GSPC
7/24/2023,4554.640137,4563.410156,4541.290039,4543.390137,3856250000,^GSPC
7/25/2023,4567.459961,4580.620117,4552.419922,4555.189941,3812470000,^GSPC
7/26/2023,4566.75,4582.470215,4547.580078,4558.959961,3990290000,^GSPC
7/27/2023,4537.410156,4607.069824,4528.560059,4598.259766,4553210000,^GSPC
7/28/2023,4582.22998,4590.160156,4564.009766,4565.75,3981010000,^GSPC
7/31/2023,4588.959961,4594.220215,4573.140137,4584.819824,4503600000,^GSPC
8/1/2023,4576.72998,4584.620117,4567.529785,4578.830078,4042370000,^GSPC
8/2/2023,4513.390137,4550.930176,4505.75,4550.930176,4270710000,^GSPC
8/3/2023,4501.890137,4519.490234,4485.540039,4494.27002,4149120000,^GSPC
8/4/2023,4478.029785,4540.339844,4474.549805,4513.959961,4143310000,^GSPC
8/7/2023,4518.439941,4519.839844,4491.149902,4491.580078,3493920000,^GSPC
8/8/2023,4499.379883,4503.310059,4464.390137,4498.029785,3884910000,^GSPC
8/9/2023,4467.709961,4502.439941,4461.330078,4501.569824,3803100000,^GSPC
8/10/2023,4468.830078,4527.370117,4457.919922,4487.160156,4504370000,^GSPC
8/11/2023,4464.049805,4476.22998,4443.97998,4450.689941,3753290000,^GSPC
8/14/2023,4489.720215,4490.330078,4453.439941,4458.129883,3896410000,^GSPC
8/15/2023,4437.859863,4478.870117,4432.189941,4478.870117,3832250000,^GSPC
8/16/2023,4404.330078,4449.950195,4403.549805,4433.790039,3753910000,^GSPC
8/17/2023,4370.359863,4421.169922,4364.830078,4416.319824,3943700000,^GSPC
8/18/2023,4369.709961,4381.819824,4335.310059,4344.879883,3940400000,^GSPC
8/21/2023,4399.77002,4407.549805,4360.299805,4380.279785,3726850000,^GSPC
8/22/2023,4387.549805,4418.589844,4382.77002,4415.330078,3522760000,^GSPC
8/23/2023,4436.009766,4443.180176,4396.439941,4396.439941,3837270000,^GSPC
8/24/2023,4376.310059,4458.299805,4375.549805,4455.160156,3723470000,^GSPC
8/25/2023,4405.709961,4418.459961,4356.290039,4389.379883,3296180000,^GSPC
8/28/2023,4433.310059,4439.560059,4414.97998,4426.029785,2957230000,^GSPC
8/29/2023,4497.629883,4500.140137,4431.680176,4432.75,3354820000,^GSPC
8/30/2023,4514.870117,4521.649902,4493.589844,4500.339844,3064110000,^GSPC
8/31/2023,4507.660156,4532.259766,4507.390137,4517.009766,3946360000,^GSPC
9/1/2023,4515.77002,4541.25,4501.350098,4530.600098,3246260000,^GSPC
9/5/2023,4496.830078,4514.290039,4496.009766,4510.060059,3526250000,^GSPC
9/6/2023,4465.47998,4490.350098,4442.379883,4490.350098,3418850000,^GSPC
9/7/2023,4451.140137,4457.810059,4430.459961,4434.549805,3763760000,^GSPC
9/8/2023,4457.490234,4473.529785,4448.379883,4451.299805,3259290000,^GSPC
9/11/2023,4487.459961,4490.77002,4467.890137,4480.97998,3369920000,^GSPC
9/12/2023,4461.899902,4487.109863,4456.830078,4473.27002,3435740000,^GSPC
9/13/2023,4467.439941,4479.390137,4453.52002,4462.649902,3529430000,^GSPC
9/14/2023,4505.100098,4511.990234,4478.689941,4487.779785,3648720000,^GSPC
9/15/2023,4450.319824,4497.97998,4447.209961,4497.97998,6932230000,^GSPC
9/18/2023,4453.529785,4466.359863,4442.109863,4445.129883,3161230000,^GSPC
9/19/2023,4443.950195,4449.850098,4416.609863,4445.410156,3614880000,^GSPC
9/20/2023,4402.200195,4461.029785,4401.379883,4452.810059,3308450000,^GSPC
9/21/2023,4330,4375.700195,4329.169922,4374.359863,3662340000,^GSPC
9/22/2023,4320.060059,4357.399902,4316.490234,4341.740234,3349570000,^GSPC
9/25/2023,4337.439941,4338.509766,4302.700195,4310.620117,3195650000,^GSPC
9/26/2023,4273.529785,4313.009766,4265.97998,4312.879883,3472340000,^GSPC
9/27/2023,4274.509766,4292.069824,4238.629883,4282.629883,3875880000,^GSPC
9/28/2023,4299.700195,4317.27002,4264.379883,4269.649902,3846230000,^GSPC
9/29/2023,4288.049805,4333.149902,4274.859863,4328.180176,3865960000,^GSPC
10/2/2023,4288.390137,4300.580078,4260.209961,4284.52002,3938660000,^GSPC
10/3/2023,4229.450195,4281.149902,4216.450195,4269.75,3953830000,^GSPC
10/4/2023,4263.75,4268.5,4220.47998,4233.830078,3777600000,^GSPC
10/5/2023,4258.189941,4267.129883,4225.910156,4259.310059,3581470000,^GSPC
10/6/2023,4308.5,4324.100098,4219.549805,4234.790039,3902030000,^GSPC
10/9/2023,4335.660156,4341.72998,4283.790039,4289.02002,3174630000,^GSPC
10/10/2023,4358.240234,4385.459961,4339.640137,4339.75,3520240000,^GSPC
10/11/2023,4376.950195,4378.640137,4345.339844,4366.589844,3601660000,^GSPC
10/12/2023,4349.609863,4385.850098,4325.430176,4380.939941,3713140000,^GSPC
10/13/2023,4327.779785,4377.100098,4311.970215,4360.490234,3566560000,^GSPC
10/16/2023,4373.629883,4383.330078,4342.370117,4342.370117,3409960000,^GSPC
10/17/2023,4373.200195,4393.569824,4337.540039,4345.22998,3794850000,^GSPC
10/18/2023,4314.600098,4364.200195,4303.839844,4357.350098,3686030000,^GSPC
10/19/2023,4278,4339.540039,4269.689941,4321.359863,3969730000,^GSPC
10/20/2023,4224.160156,4276.560059,4223.029785,4273.850098,4004030000,^GSPC
10/23/2023,4217.040039,4255.839844,4189.220215,4210.399902,3776100000,^GSPC
10/24/2023,4247.680176,4259.379883,4219.430176,4235.790039,3821820000,^GSPC
10/25/2023,4186.77002,4232.419922,4181.419922,4232.419922,3869370000,^GSPC
10/26/2023,4137.22998,4183.600098,4127.899902,4175.990234,4277640000,^GSPC
10/27/2023,4117.370117,4156.700195,4103.779785,4152.930176,4019500000,^GSPC
10/30/2023,4166.819824,4177.470215,4132.939941,4139.390137,3911140000,^GSPC
10/31/2023,4193.799805,4195.549805,4153.120117,4171.330078,4249470000,^GSPC
11/1/2023,4237.859863,4245.640137,4197.740234,4201.27002,4224900000,^GSPC
11/2/2023,4317.779785,4319.720215,4268.259766,4268.259766,4669780000,^GSPC
11/3/2023,4358.339844,4373.620117,4334.22998,4334.22998,4570960000,^GSPC
11/6/2023,4365.97998,4372.209961,4347.529785,4364.27002,3656340000,^GSPC
11/7/2023,4378.379883,4386.259766,4355.410156,4366.209961,3791230000,^GSPC
11/8/2023,4382.779785,4391.200195,4359.759766,4384.370117,3729510000,^GSPC
11/9/2023,4347.350098,4393.399902,4343.939941,4391.410156,3900780000,^GSPC
11/10/2023,4415.240234,4418.029785,4353.339844,4364.149902,3665080000,^GSPC
11/13/2023,4411.549805,4421.759766,4393.819824,4406.660156,3326240000,^GSPC
11/14/2023,4495.700195,4508.669922,4458.970215,4458.970215,4700350000,^GSPC
11/15/2023,4502.879883,4521.169922,4495.310059,4505.299805,4347170000,^GSPC
11/16/2023,4508.240234,4511.990234,4487.830078,4497.080078,3964520000,^GSPC
11/17/2023,4514.02002,4520.120117,4499.660156,4509.549805,3777240000,^GSPC
11/20/2023,4547.379883,4557.109863,4510.359863,4511.700195,3644790000,^GSPC
11/21/2023,4538.189941,4542.140137,4525.509766,4538.77002,3511080000,^GSPC
11/22/2023,4556.620117,4568.430176,4545.049805,4553.040039,3042810000,^GSPC
11/24/2023,4559.339844,4560.310059,4552.799805,4555.839844,1639500000,^GSPC
11/27/2023,4550.430176,4560.52002,4546.319824,4554.859863,3403990000,^GSPC
11/28/2023,4554.890137,4568.140137,4540.509766,4545.549805,3586240000,^GSPC
11/29/2023,4550.580078,4587.640137,4547.149902,4571.839844,4418760000,^GSPC
11/30/2023,4567.799805,4569.890137,4537.240234,4554.870117,5399300000,^GSPC
12/1/2023,4594.629883,4599.390137,4554.709961,4559.430176,4397120000,^GSPC
12/4/2023,4569.779785,4572.370117,4546.720215,4564.370117,4369910000,^GSPC
12/5/2023,4567.180176,4578.560059,4551.680176,4557.25,3909950000,^GSPC
12/6/2023,4549.339844,4590.740234,4546.5,4586.22998,4245680000,^GSPC
12/7/2023,4585.589844,4590.919922,4565.220215,4568.839844,3818880000,^GSPC
12/8/2023,4604.370117,4609.22998,4574.060059,4576.200195,3707010000,^GSPC
12/11/2023,4622.439941,4623.709961,4593.390137,4593.390137,3823210000,^GSPC
12/12/2023,4643.700195,4643.930176,4608.089844,4618.299805,3808380000,^GSPC
12/13/2023,4707.089844,4709.689941,4643.22998,4646.200195,5063650000,^GSPC
12/14/2023,4719.549805,4738.569824,4694.339844,4721.040039,6314040000,^GSPC
12/15/2023,4719.189941,4725.529785,4704.689941,4714.22998,8218980000,^GSPC
12/18/2023,4740.560059,4749.52002,4725.580078,4725.580078,4060340000,^GSPC
12/19/2023,4768.370117,4768.689941,4743.720215,4743.720215,4026970000,^GSPC
12/20/2023,4698.350098,4778.009766,4697.819824,4764.72998,4201320000,^GSPC
12/21/2023,4746.75,4748.709961,4708.350098,4724.290039,3431180000,^GSPC
12/22/2023,4754.629883,4772.939941,4736.77002,4753.919922,3046770000,^GSPC
12/26/2023,4774.75,4784.720215,4758.450195,4758.859863,2513910000,^GSPC
12/27/2023,4781.580078,4785.390137,4768.899902,4773.450195,2748450000,^GSPC
12/28/2023,4783.350098,4793.299805,4780.97998,4786.439941,2698860000,^GSPC
12/29/2023,4769.830078,4788.430176,4751.990234,4782.879883,3126060000,^GSPC
1/2/2024,4742.830078,4754.330078,4722.669922,4745.200195,3743050000,^GSPC
1/3/2024,4704.810059,4729.290039,4699.709961,4725.069824,3950760000,^GSPC
1/4/2024,4688.680176,4726.779785,4687.529785,4697.419922,3715480000,^GSPC
1/5/2024,4697.240234,4721.490234,4682.109863,4690.569824,3844370000,^GSPC
1/8/2024,4763.540039,4764.540039,4699.819824,4703.700195,3742320000,^GSPC
1/9/2024,4756.5,4765.470215,4730.350098,4741.930176,3529960000,^GSPC
1/10/2024,4783.450195,4790.799805,4756.200195,4759.939941,3498680000,^GSPC
1/11/2024,4780.240234,4798.5,4739.580078,4792.129883,3759890000,^GSPC
1/12/2024,4783.830078,4802.399902,4768.97998,4791.180176,3486340000,^GSPC
1/16/2024,4765.97998,4782.339844,4747.120117,4772.350098,4260550000,^GSPC
1/17/2024,4739.209961,4744.22998,4714.819824,4739.129883,3928600000,^GSPC
1/18/2024,4780.939941,4785.790039,4740.569824,4760.100098,4019000000,^GSPC
1/19/2024,4839.810059,4842.069824,4785.870117,4796.279785,4287200000,^GSPC
1/22/2024,4850.430176,4868.410156,4844.049805,4853.419922,4297610000,^GSPC
1/23/2024,4864.600098,4866.47998,4844.370117,4856.799805,3912800000,^GSPC
1/24/2024,4868.549805,4903.680176,4865.939941,4888.560059,4330030000,^GSPC
1/25/2024,4894.160156,4898.149902,4869.339844,4886.660156,4020430000,^GSPC
1/26/2024,4890.970215,4906.689941,4881.470215,4888.910156,3353400000,^GSPC
1/29/2024,4927.930176,4929.310059,4887.399902,4892.950195,3525160000,^GSPC
1/30/2024,4924.970215,4931.089844,4916.27002,4925.890137,3836130000,^GSPC
1/31/2024,4845.649902,4906.75,4845.149902,4899.189941,4696120000,^GSPC
2/1/2024,4906.189941,4906.970215,4853.52002,4861.109863,4386090000,^GSPC
2/2/2024,4958.609863,4975.290039,4907.990234,4916.060059,3974350000,^GSPC
2/5/2024,4942.810059,4957.189941,4918.089844,4957.189941,4023640000,^GSPC
2/6/2024,4954.22998,4957.77002,4934.879883,4950.160156,4440880000,^GSPC
2/7/2024,4995.060059,4999.890137,4969.049805,4973.049805,4895590000,^GSPC
2/8/2024,4997.910156,5000.399902,4987.089844,4995.160156,4341860000,^GSPC
2/9/2024,5026.609863,5030.060059,5000.339844,5004.169922,3912990000,^GSPC
2/12/2024,5021.839844,5048.390137,5016.830078,5026.830078,3805740000,^GSPC
2/13/2024,4953.169922,4971.299805,4920.310059,4967.939941,4302190000,^GSPC
2/14/2024,5000.620117,5002.52002,4956.450195,4976.439941,3845600000,^GSPC
2/15/2024,5029.72998,5032.720215,4999.439941,5003.140137,4137970000,^GSPC
2/16/2024,5005.569824,5038.700195,4999.52002,5031.129883,3833270000,^GSPC
2/20/2024,4975.509766,4993.709961,4955.02002,4989.319824,4034880000,^GSPC
2/21/2024,4981.799805,4983.209961,4946,4963.029785,3788390000,^GSPC
2/22/2024,5087.029785,5094.390137,5038.830078,5038.830078,4051710000,^GSPC
2/23/2024,5088.799805,5111.060059,5081.459961,5100.919922,3672790000,^GSPC
2/26/2024,5069.529785,5097.660156,5068.910156,5093,3683930000,^GSPC
2/27/2024,5078.180176,5080.689941,5057.290039,5074.600098,3925950000,^GSPC
2/28/2024,5069.759766,5077.370117,5058.350098,5067.200195,3789370000,^GSPC
2/29/2024,5096.27002,5104.990234,5061.890137,5085.359863,5219740000,^GSPC
3/1/2024,5137.080078,5140.330078,5094.160156,5098.509766,4748110000,^GSPC
3/4/2024,5130.950195,5149.669922,5127.180176,5130.990234,4758440000,^GSPC
3/5/2024,5078.649902,5114.540039,5056.819824,5110.52002,4418410000,^GSPC
3/6/2024,5104.759766,5127.970215,5092.220215,5108.029785,4559050000,^GSPC
3/7/2024,5157.359863,5165.620117,5128.209961,5132.379883,4137980000,^GSPC
3/8/2024,5123.689941,5189.259766,5117.5,5164.459961,4208870000,^GSPC
3/11/2024,5117.939941,5124.660156,5091.140137,5111.959961,3896430000,^GSPC
3/12/2024,5175.27002,5179.870117,5114.47998,5134.299805,4080510000,^GSPC
3/13/2024,5165.310059,5179.140137,5151.879883,5173.490234,4282890000,^GSPC
3/14/2024,5150.47998,5176.850098,5123.299805,5175.140137,4687970000,^GSPC
3/15/2024,5117.089844,5136.859863,5104.350098,5123.310059,7753670000,^GSPC
3/18/2024,5149.419922,5175.600098,5145.470215,5154.77002,4036220000,^GSPC
3/19/2024,5178.509766,5180.310059,5131.589844,5139.089844,4031760000,^GSPC
3/20/2024,5224.620117,5226.189941,5171.549805,5181.689941,4064850000,^GSPC
3/21/2024,5241.529785,5261.100098,5240.660156,5253.430176,4207730000,^GSPC
3/22/2024,5234.180176,5246.089844,5229.870117,5242.47998,3374700000,^GSPC
3/25/2024,5218.189941,5229.089844,5216.089844,5219.52002,3331360000,^GSPC
3/26/2024,5203.580078,5235.160156,5203.419922,5228.850098,3871790000,^GSPC
3/27/2024,5248.490234,5249.259766,5213.919922,5226.310059,3850500000,^GSPC
3/28/2024,5254.350098,5264.850098,5245.819824,5248.029785,3998270000,^GSPC
4/1/2024,5243.77002,5263.950195,5229.200195,5257.970215,3325930000,^GSPC
4/2/2024,5205.810059,5208.339844,5184.049805,5204.290039,3886590000,^GSPC
4/3/2024,5211.490234,5228.75,5194.370117,5194.370117,3703250000,^GSPC
4/4/2024,5147.209961,5256.589844,5146.060059,5244.049805,4075680000,^GSPC
4/5/2024,5204.339844,5222.180176,5157.209961,5158.950195,3386780000,^GSPC
4/8/2024,5202.390137,5219.569824,5197.350098,5211.370117,3278180000,^GSPC
4/9/2024,5209.910156,5224.810059,5160.779785,5217.029785,3400680000,^GSPC
4/10/2024,5160.640137,5178.430176,5138.700195,5167.879883,3845930000,^GSPC
4/11/2024,5199.060059,5211.779785,5138.77002,5172.950195,3509380000,^GSPC
4/12/2024,5123.410156,5175.029785,5107.939941,5171.509766,3963220000,^GSPC
4/15/2024,5061.819824,5168.430176,5052.470215,5149.669922,3950210000,^GSPC
4/16/2024,5051.410156,5079.839844,5039.830078,5064.589844,4006200000,^GSPC
4/17/2024,5022.209961,5077.959961,5007.25,5068.970215,3596130000,^GSPC
4/18/2024,5011.120117,5056.660156,5001.890137,5031.52002,3619760000,^GSPC
4/19/2024,4967.22998,5019.02002,4953.560059,5005.439941,3878750000,^GSPC
4/22/2024,5010.600098,5038.839844,4969.399902,4987.330078,3820250000,^GSPC
4/23/2024,5070.549805,5076.120117,5027.959961,5028.850098,3751400000,^GSPC
4/24/2024,5071.629883,5089.47998,5047.02002,5084.859863,3656740000,^GSPC
4/25/2024,5048.419922,5057.75,4990.580078,5019.879883,3958050000,^GSPC
4/26/2024,5099.959961,5114.620117,5073.140137,5084.649902,3604140000,^GSPC
4/29/2024,5116.169922,5123.490234,5088.649902,5114.129883,3447450000,^GSPC
4/30/2024,5035.689941,5110.830078,5035.310059,5103.779785,4082470000,^GSPC
5/1/2024,5018.390137,5096.120117,5013.450195,5029.029785,4544170000,^GSPC
5/2/2024,5064.200195,5073.209961,5011.049805,5049.319824,4381660000,^GSPC
5/3/2024,5127.790039,5139.120117,5101.220215,5122.779785,3924990000,^GSPC
5/6/2024,5180.740234,5181,5142.419922,5142.419922,3683250000,^GSPC
5/7/2024,5187.700195,5200.22998,5178.959961,5187.200195,3987890000,^GSPC
5/8/2024,5187.669922,5191.950195,5165.859863,5168.97998,3842100000,^GSPC
5/9/2024,5214.080078,5215.299805,5180.410156,5189.029785,3727370000,^GSPC
5/10/2024,5222.680176,5239.660156,5209.680176,5225.490234,3617900000,^GSPC
5/13/2024,5221.419922,5237.259766,5211.160156,5233.080078,4255710000,^GSPC
5/14/2024,5246.680176,5250.370117,5217.97998,5221.100098,4763580000,^GSPC
5/15/2024,5308.149902,5311.759766,5263.259766,5263.259766,4360810000,^GSPC
5/16/2024,5297.100098,5325.490234,5296.189941,5310.069824,3817470000,^GSPC
5/17/2024,5303.27002,5305.450195,5283.589844,5303.100098,3578120000,^GSPC
5/20/2024,5308.129883,5325.319824,5302.399902,5305.350098,3420100000,^GSPC
5/21/2024,5321.410156,5324.319824,5297.870117,5298.689941,3662240000,^GSPC
5/22/2024,5307.009766,5323.180176,5286.009766,5319.279785,3847130000,^GSPC
5/23/2024,5267.839844,5341.879883,5256.930176,5340.259766,3869520000,^GSPC
5/24/2024,5304.720215,5311.649902,5278.390137,5281.450195,3005510000,^GSPC
5/28/2024,5306.040039,5315.910156,5280.890137,5315.910156,3751540000,^GSPC
5/29/2024,5266.950195,5282.27002,5262.700195,5278.72998,3552750000,^GSPC
5/30/2024,5235.47998,5260.209961,5222.100098,5259.77002,3818750000,^GSPC
5/31/2024,5277.509766,5280.330078,5191.680176,5243.209961,5437160000,^GSPC
6/3/2024,5283.399902,5302.109863,5234.319824,5297.149902,4046920000,^GSPC
6/4/2024,5291.339844,5298.799805,5257.629883,5278.240234,3707900000,^GSPC
6/5/2024,5354.029785,5354.160156,5297.640137,5314.47998,3591460000,^GSPC
6/6/2024,5352.959961,5362.350098,5335.359863,5357.799805,3609990000,^GSPC
6/7/2024,5346.990234,5375.080078,5331.330078,5343.810059,3692760000,^GSPC
6/10/2024,5360.790039,5365.790039,5331.52002,5341.220215,3622280000,^GSPC
6/11/2024,5375.319824,5375.950195,5327.25,5353,3568030000,^GSPC
6/12/2024,5421.029785,5447.25,5409.129883,5409.129883,3962840000,^GSPC
6/13/2024,5433.740234,5441.930176,5402.509766,5441.930176,3530380000,^GSPC
6/14/2024,5431.600098,5432.390137,5403.75,5424.080078,3438650000,^GSPC
6/17/2024,5473.22998,5488.5,5420.399902,5431.109863,3447840000,^GSPC
6/18/2024,5487.029785,5490.379883,5471.319824,5476.149902,3544330000,^GSPC
6/20/2024,5473.169922,5505.529785,5455.560059,5499.990234,3847060000,^GSPC
6/21/2024,5464.620117,5478.310059,5452.029785,5466.77002,6773800000,^GSPC
6/24/2024,5447.870117,5490.660156,5447.589844,5459.580078,3696750000,^GSPC
6/25/2024,5469.299805,5472.879883,5446.560059,5460.72998,3591960000,^GSPC
6/26/2024,5477.899902,5483.140137,5451.870117,5460.709961,3563920000,^GSPC
6/27/2024,5482.870117,5490.810059,5467.540039,5473.589844,3589530000,^GSPC
6/28/2024,5460.47998,5523.640137,5451.120117,5488.47998,7199220000,^GSPC
7/1/2024,5475.089844,5479.549805,5446.529785,5471.080078,3488760000,^GSPC
7/2/2024,5509.009766,5509.689941,5458.430176,5461.839844,3329950000,^GSPC
7/3/2024,5537.02002,5539.27002,5507.419922,5507.439941,2179470000,^GSPC
7/5/2024,5567.189941,5570.330078,5531.629883,5537.910156,3253080000,^GSPC
7/8/2024,5572.850098,5583.109863,5562.509766,5572.75,3185670000,^GSPC
7/9/2024,5576.97998,5590.75,5574.569824,5584.240234,3232920000,^GSPC
7/10/2024,5633.910156,5635.390137,5586.439941,5591.259766,3336100000,^GSPC
7/11/2024,5584.540039,5642.450195,5576.529785,5635.209961,4020950000,^GSPC
7/12/2024,5615.350098,5655.560059,5590.439941,5590.759766,3700280000,^GSPC
7/15/2024,5631.220215,5666.939941,5614.75,5638.160156,3620470000,^GSPC
7/16/2024,5667.200195,5669.669922,5639.02002,5644.089844,4041760000,^GSPC
7/17/2024,5588.27002,5622.490234,5584.810059,5610.069824,4246450000,^GSPC
7/18/2024,5544.589844,5614.049805,5522.810059,5608.560059,4007510000,^GSPC
7/19/2024,5505,5557.5,5497.040039,5543.370117,3760570000,^GSPC
7/22/2024,5564.410156,5570.359863,5529.040039,5544.540039,3375180000,^GSPC
7/23/2024,5555.740234,5585.339844,5550.899902,5565.299805,3500210000,^GSPC
7/24/2024,5427.129883,5508.040039,5419.97998,5505.839844,3945550000,^GSPC
7/25/2024,5399.220215,5491.589844,5390.950195,5428.700195,4592120000,^GSPC
7/26/2024,5459.100098,5488.319824,5430.700195,5433.669922,3638770000,^GSPC
7/29/2024,5463.540039,5487.740234,5444.439941,5476.549805,3379970000,^GSPC
7/30/2024,5436.439941,5489.459961,5401.700195,5478.72998,3777740000,^GSPC
7/31/2024,5522.299805,5551.509766,5493.75,5505.589844,4546910000,^GSPC
8/1/2024,5446.680176,5566.160156,5410.419922,5537.839844,4703620000,^GSPC
8/2/2024,5346.560059,5383.890137,5302.029785,5376.629883,5156450000,^GSPC
8/5/2024,5186.330078,5250.890137,5119.259766,5151.140137,5333250000,^GSPC
8/6/2024,5240.029785,5312.339844,5193.560059,5206.419922,4690190000,^GSPC
8/7/2024,5199.5,5330.640137,5195.540039,5293.129883,4558260000,^GSPC
8/8/2024,5319.310059,5328.029785,5233.850098,5252.569824,4016830000,^GSPC
8/9/2024,5344.160156,5358.669922,5300.839844,5314.660156,3516400000,^GSPC
8/12/2024,5344.390137,5371.200195,5324.370117,5351.879883,3360160000,^GSPC
8/13/2024,5434.430176,5436.5,5376.97998,5376.97998,3648980000,^GSPC
8/14/2024,5455.209961,5463.220215,5415.910156,5442.359863,3380050000,^GSPC
8/15/2024,5543.220215,5546.22998,5501.129883,5501.129883,3723310000,^GSPC
8/16/2024,5554.25,5561.97998,5525.169922,5530.5,3357690000,^GSPC
8/19/2024,5608.25,5608.299805,5550.740234,5557.22998,3222050000,^GSPC
8/20/2024,5597.120117,5620.509766,5585.5,5602.879883,2994420000,^GSPC
8/21/2024,5620.850098,5632.680176,5591.569824,5603.089844,3119670000,^GSPC
8/22/2024,5570.640137,5643.220215,5560.950195,5637.77002,2981530000,^GSPC
8/23/2024,5634.609863,5641.819824,5585.160156,5602.490234,3291940000,^GSPC
8/26/2024,5616.839844,5651.620117,5602.339844,5639.660156,2938570000,^GSPC
8/27/2024,5625.799805,5631.180176,5593.47998,5602.890137,2798990000,^GSPC
8/28/2024,5592.180176,5627.029785,5560.950195,5624.509766,3053450000,^GSPC
8/29/2024,5591.959961,5646.950195,5583.709961,5607.299805,3065640000,^GSPC
8/30/2024,5648.399902,5651.370117,5581.790039,5612.740234,4185850000,^GSPC
9/3/2024,5528.930176,5623.890137,5504.330078,5623.890137,3866350000,^GSPC
9/4/2024,5520.069824,5552.990234,5503.660156,5506.680176,3478140000,^GSPC
9/5/2024,5503.410156,5546.299805,5480.540039,5520.080078,3521650000,^GSPC
9/6/2024,5408.419922,5522.470215,5402.620117,5507.330078,3822800000,^GSPC
9/9/2024,5471.049805,5484.200195,5434.490234,5442.069824,3825940000,^GSPC
9/10/2024,5495.52002,5497.910156,5441.720215,5490.509766,3848180000,^GSPC
9/11/2024,5554.129883,5560.410156,5406.959961,5496.419922,3839450000,^GSPC
9/12/2024,5595.759766,5600.709961,5535.5,5557.47998,3655070000,^GSPC
9/13/2024,5626.02002,5636.27002,5601.649902,5603.339844,3500790000,^GSPC
9/16/2024,5633.089844,5636.049805,5604.529785,5615.209961,3437070000,^GSPC
9/17/2024,5634.580078,5670.810059,5614.049805,5655.509766,3443600000,^GSPC
9/18/2024,5618.259766,5689.75,5615.080078,5641.680176,3691390000,^GSPC
9/19/2024,5713.640137,5733.569824,5686.419922,5702.629883,4024530000,^GSPC
9/20/2024,5702.549805,5715.140137,5674.490234,5709.640137,7867260000,^GSPC
9/23/2024,5718.569824,5725.359863,5704.220215,5711.899902,3529550000,^GSPC
9/24/2024,5732.930176,5735.319824,5698.990234,5727.660156,3872710000,^GSPC
9/25/2024,5722.259766,5741.029785,5712.060059,5733.649902,3624910000,^GSPC
9/26/2024,5745.370117,5767.370117,5721.009766,5762.220215,4391180000,^GSPC
9/27/2024,5738.169922,5763.779785,5727.339844,5755.359863,3898530000,^GSPC
9/30/2024,5762.47998,5765.140137,5703.529785,5726.52002,4425730000,^GSPC
10/1/2024,5708.75,5757.72998,5681.279785,5757.72998,4025180000,^GSPC
10/2/2024,5709.540039,5719.629883,5674,5698.140137,3829050000,^GSPC
10/3/2024,5699.939941,5718.779785,5677.370117,5698.189941,3597450000,^GSPC
10/4/2024,5751.069824,5753.209961,5702.830078,5737.47998,3479400000,^GSPC
10/7/2024,5695.939941,5739.339844,5686.850098,5737.799805,3637790000,^GSPC
10/8/2024,5751.129883,5757.600098,5714.560059,5719.140137,3393400000,^GSPC
10/9/2024,5792.040039,5796.799805,5745.02002,5751.799805,3650340000,^GSPC
10/10/2024,5780.049805,5795.029785,5764.759766,5778.359863,3208790000,^GSPC
10/11/2024,5815.029785,5822.129883,5775.089844,5775.089844,3208720000,^GSPC
10/14/2024,5859.850098,5871.410156,5829.569824,5829.810059,3005250000,^GSPC
10/15/2024,5815.259766,5870.359863,5804.47998,5866.740234,3882120000,^GSPC
10/16/2024,5842.470215,5846.52002,5808.339844,5816.580078,3467230000,^GSPC
10/17/2024,5841.470215,5878.459961,5840.25,5875.620117,3480010000,^GSPC
10/18/2024,5864.669922,5872.169922,5846.109863,5859.430176,3374490000,^GSPC
10/21/2024,5853.97998,5866.919922,5824.790039,5857.819824,3407010000,^GSPC
10/22/2024,5851.200195,5863.040039,5821.169922,5832.700195,3342080000,^GSPC
10/23/2024,5797.419922,5834.850098,5762.410156,5834.5,3532650000,^GSPC
10/24/2024,5809.859863,5817.799805,5784.919922,5817.799805,3543030000,^GSPC
10/25/2024,5808.120117,5862.819824,5799.97998,5826.75,3501280000,^GSPC
10/28/2024,5823.52002,5842.919922,5823.080078,5833.930176,3691280000,^GSPC
10/29/2024,5832.919922,5847.189941,5802.169922,5819.680176,3879100000,^GSPC
10/30/2024,5813.669922,5850.939941,5811.279785,5832.649902,3851120000,^GSPC
10/31/2024,5705.450195,5775.339844,5702.859863,5775.339844,4425660000,^GSPC
11/1/2024,5728.799805,5772.52002,5723.220215,5723.220215,3796450000,^GSPC
11/4/2024,5712.689941,5741.430176,5696.509766,5725.149902,3602060000,^GSPC
11/5/2024,5782.759766,5783.439941,5722.100098,5722.430176,3768310000,^GSPC
11/6/2024,5929.040039,5936.140137,5864.890137,5864.890137,6329530000,^GSPC
11/7/2024,5973.100098,5983.839844,5947.209961,5947.209961,4925740000,^GSPC
11/8/2024,5995.540039,6012.450195,5976.759766,5976.759766,4666740000,^GSPC
11/11/2024,6001.350098,6017.310059,5986.689941,6008.859863,4333000000,^GSPC
11/12/2024,5983.990234,6009.919922,5960.080078,6003.600098,4243400000,^GSPC
11/13/2024,5985.379883,6008.189941,5965.910156,5985.75,4220180000,^GSPC
11/14/2024,5949.169922,5993.879883,5942.279785,5989.680176,4184570000,^GSPC
11/15/2024,5870.620117,5915.319824,5853.009766,5912.790039,4590960000,^GSPC
11/18/2024,5893.620117,5908.120117,5865.950195,5874.169922,3983860000,^GSPC
11/19/2024,5916.97998,5923.509766,5855.290039,5870.049805,4036940000,^GSPC
11/20/2024,5917.109863,5920.669922,5860.560059,5914.339844,3772620000,^GSPC
11/21/2024,5948.709961,5963.319824,5887.259766,5940.580078,4230120000,^GSPC
11/22/2024,5969.339844,5972.899902,5944.359863,5944.359863,4141420000,^GSPC
11/25/2024,5987.370117,6020.75,5963.910156,5992.279785,5633150000,^GSPC
11/26/2024,6021.629883,6025.419922,5992.27002,6000.029785,3835170000,^GSPC
11/27/2024,5998.740234,6020.160156,5984.870117,6014.109863,3363340000,^GSPC
11/29/2024,6032.379883,6044.169922,6003.97998,6003.97998,2444420000,^GSPC
12/2/2024,6047.149902,6053.580078,6035.330078,6040.109863,4412470000,^GSPC
12/3/2024,6049.879883,6052.069824,6033.390137,6042.970215,4095000000,^GSPC
12/4/2024,6086.490234,6089.839844,6061.060059,6069.390137,4003390000,^GSPC
12/5/2024,6075.109863,6094.549805,6072.899902,6089.029785,4212020000,^GSPC
12/6/2024,6090.27002,6099.970215,6079.97998,6081.379883,3924830000,^GSPC
12/9/2024,6052.850098,6088.509766,6048.629883,6083.009766,4556460000,^GSPC
12/10/2024,6034.910156,6065.399902,6029.890137,6057.589844,4048410000,^GSPC
12/11/2024,6084.189941,6092.589844,6060.149902,6060.149902,4269950000,^GSPC
12/12/2024,6051.25,6079.680176,6051.25,6074.290039,3678010000,^GSPC
12/13/2024,6051.089844,6078.580078,6035.77002,6068.169922,3584960000,^GSPC
12/16/2024,6074.080078,6085.189941,6059.140137,6063.790039,4391100000,^GSPC
12/17/2024,6050.609863,6057.680176,6035.189941,6052.549805,4544500000,^GSPC
12/18/2024,5872.160156,6070.669922,5867.790039,6047.649902,5246960000,^GSPC
12/19/2024,5867.080078,5935.52002,5866.069824,5912.709961,4896880000,^GSPC
12/20/2024,5930.850098,5982.060059,5832.299805,5842,8223220000,^GSPC
12/23/2024,5974.069824,5978.25,5902.569824,5940.25,3593280000,^GSPC
12/24/2024,6040.040039,6040.100098,5981.439941,5984.629883,1757720000,^GSPC
12/26/2024,6037.589844,6049.75,6007.370117,6024.970215,2904530000,^GSPC
12/27/2024,5970.839844,6006.169922,5932.950195,6006.169922,3159610000,^GSPC
12/30/2024,5906.939941,5940.790039,5869.160156,5920.669922,3433250000,^GSPC
12/31/2024,5881.629883,5929.740234,5868.859863,5919.740234,3128350000,^GSPC
1/2/2025,5868.549805,5935.089844,5829.529785,5903.259766,3621680000,^GSPC
1/3/2025,5942.470215,5949.339844,5888.660156,5891.069824,3667340000,^GSPC
1/6/2025,5975.379883,6021.040039,5960.009766,5982.810059,4940120000,^GSPC
1/7/2025,5909.029785,6000.680176,5890.680176,5993.259766,4517330000,^GSPC
1/8/2025,5918.25,5927.890137,5874.779785,5910.660156,4441740000,^GSPC
1/10/2025,5827.040039,5890.350098,5807.779785,5890.350098,4751930000,^GSPC
1/13/2025,5836.220215,5838.609863,5773.310059,5782.02002,4421200000,^GSPC
1/14/2025,5842.910156,5871.919922,5805.419922,5859.27002,4142280000,^GSPC
1/15/2025,5949.910156,5960.609863,5905.209961,5905.209961,4544570000,^GSPC
1/16/2025,5937.339844,5964.689941,5930.720215,5963.609863,4285810000,^GSPC
1/17/2025,5996.660156,6014.959961,5978.439941,5995.399902,4366830000,^GSPC
1/21/2025,6049.240234,6051.509766,6006.879883,6014.120117,4702920000,^GSPC
1/22/2025,6086.370117,6100.810059,6076.129883,6081.390137,4323040000,^GSPC
1/23/2025,6118.709961,6118.72998,6074.669922,6076.319824,4432250000,^GSPC
1/24/2025,6101.240234,6128.180176,6088.740234,6121.430176,4214250000,^GSPC
1/27/2025,6012.279785,6017.169922,5962.919922,5969.040039,5198750000,^GSPC
1/28/2025,6067.700195,6074.540039,5994.629883,6026.970215,4473640000,^GSPC
1/29/2025,6039.310059,6062.830078,6012.959961,6057.700195,4115310000,^GSPC
1/30/2025,6071.169922,6086.640137,6027.459961,6050.75,4634620000,^GSPC
1/31/2025,6040.529785,6120.910156,6030.930176,6096.790039,4843770000,^GSPC
2/3/2025,5994.569824,6022.129883,5923.930176,5969.649902,4797210000,^GSPC
2/4/2025,6037.879883,6042.47998,5990.870117,5998.140137,4410160000,^GSPC
2/5/2025,6061.47998,6062.859863,6007.060059,6020.450195,4756250000,^GSPC
2/6/2025,6083.569824,6084.029785,6046.830078,6072.220215,4847120000,^GSPC
2/7/2025,6025.990234,6101.279785,6019.959961,6083.129883,4766900000,^GSPC
2/10/2025,6066.439941,6073.379883,6044.839844,6046.399902,4458760000,^GSPC
2/11/2025,6068.5,6076.279785,6042.339844,6049.319824,4324880000,^GSPC
2/12/2025,6051.970215,6063,6003,6025.080078,4627960000,^GSPC
2/13/2025,6115.069824,6116.910156,6050.950195,6060.589844,4763800000,^GSPC
2/14/2025,6114.629883,6127.470215,6107.620117,6115.52002,4335190000,^GSPC
2/18/2025,6129.580078,6129.629883,6099.509766,6121.600098,4684980000,^GSPC
2/19/2025,6144.149902,6147.430176,6111.149902,6117.759766,4562330000,^GSPC
2/20/2025,6117.52002,6134.5,6084.589844,6134.5,4813690000,^GSPC
2/21/2025,6013.129883,6114.819824,6008.560059,6114.100098,5434560000,^GSPC
2/24/2025,5983.25,6043.649902,5977.830078,6026.689941,4990120000,^GSPC
2/25/2025,5955.25,5992.649902,5908.490234,5982.72998,5374690000,^GSPC
2/26/2025,5956.060059,6009.819824,5932.689941,5970.870117,4869580000,^GSPC
2/27/2025,5861.569824,5993.689941,5858.779785,5981.879883,5057680000,^GSPC
2/28/2025,5954.5,5959.399902,5837.660156,5856.740234,6441140000,^GSPC
3/3/2025,5849.720215,5986.089844,5810.910156,5968.330078,5613850000,^GSPC
3/4/2025,5778.149902,5865.080078,5732.589844,5811.97998,6138110000,^GSPC
3/5/2025,5842.629883,5860.589844,5742.350098,5781.359863,5285970000,^GSPC
3/6/2025,5738.52002,5812.080078,5711.640137,5785.870117,5165080000,^GSPC
3/7/2025,5770.200195,5783.009766,5666.290039,5726.009766,5705140000,^GSPC
3/10/2025,5614.560059,5705.370117,5564.02002,5705.370117,6409370000,^GSPC
3/11/2025,5572.069824,5636.299805,5528.410156,5603.649902,6221240000,^GSPC
3/12/2025,5599.299805,5642.189941,5546.089844,5624.839844,5219830000,^GSPC
3/13/2025,5521.52002,5597.779785,5504.649902,5594.450195,5018980000,^GSPC
3/14/2025,5638.939941,5645.27002,5563.850098,5563.850098,4863180000,^GSPC
3/17/2025,5675.120117,5703.52002,5631.120117,5635.600098,5031770000,^GSPC
3/18/2025,5614.660156,5654.529785,5597.759766,5654.529785,4666270000,^GSPC
3/19/2025,5675.290039,5715.330078,5622.200195,5632.370117,4660090000,^GSPC
3/20/2025,5662.890137,5711.149902,5632.330078,5646.919922,4678420000,^GSPC
3/21/2025,5667.560059,5670.839844,5603.100098,5630.72998,9367460000,^GSPC
3/24/2025,5767.569824,5775.140137,5718.080078,5718.080078,4517990000,^GSPC
3/25/2025,5776.649902,5786.950195,5760.419922,5775.959961,4467340000,^GSPC
3/26/2025,5712.200195,5783.620117,5694.410156,5771.660156,4183140000,^GSPC
3/27/2025,5693.310059,5732.279785,5670.939941,5695.640137,4403460000,^GSPC
3/28/2025,5580.939941,5685.890137,5572.419922,5679.200195,4513330000,^GSPC
3/31/2025,5611.850098,5627.560059,5488.72998,5527.910156,5257250000,^GSPC
4/1/2025,5633.069824,5650.569824,5558.52002,5597.529785,4434500000,^GSPC
4/2/2025,5670.970215,5695.310059,5571.47998,5580.759766,4243830000,^GSPC
4/3/2025,5396.52002,5499.529785,5390.830078,5492.740234,7210470000,^GSPC
4/4/2025,5074.080078,5292.140137,5069.899902,5292.140137,8853500000,^GSPC
4/7/2025,5062.25,5246.569824,4835.040039,4953.790039,8691980000,^GSPC
4/8/2025,4982.77002,5267.470215,4910.419922,5193.569824,7408140000,^GSPC
4/9/2025,5456.899902,5481.339844,4948.430176,4965.279785,9489600000,^GSPC
4/10/2025,5268.049805,5353.149902,5115.27002,5353.149902,6677140000,^GSPC
4/11/2025,5363.359863,5381.459961,5220.77002,5255.560059,5602550000,^GSPC
4/14/2025,5405.970215,5459.459961,5358.02002,5441.959961,5031440000,^GSPC
4/15/2025,5396.629883,5450.410156,5386.439941,5411.990234,4317110000,^GSPC
4/16/2025,5275.700195,5367.240234,5220.790039,5335.75,4607750000,^GSPC
4/17/2025,5282.700195,5328.310059,5255.580078,5305.450195,4714880000,^GSPC
4/21/2025,5158.200195,5232.939941,5101.629883,5232.939941,4226340000,^GSPC
4/22/2025,5287.759766,5309.609863,5207.669922,5207.669922,4666950000,^GSPC
4/23/2025,5375.859863,5469.689941,5356.169922,5395.919922,5371390000,^GSPC
4/24/2025,5484.77002,5489.399902,5371.959961,5381.379883,4697710000,^GSPC
4/25/2025,5525.209961,5528.109863,5455.859863,5489.72998,4236580000,^GSPC
4/28/2025,5528.75,5553.660156,5468.640137,5529.220215,4257880000,^GSPC
4/29/2025,5560.830078,5571.950195,5505.700195,5508.870117,4747150000,^GSPC
4/30/2025,5569.060059,5581.839844,5433.240234,5499.439941,5449490000,^GSPC
5/1/2025,5604.140137,5658.910156,5597.350098,5625.140137,4935270000,^GSPC
5/2/2025,5686.669922,5700.700195,5642.279785,5645.879883,4854380000,^GSPC
5/5/2025,5650.379883,5683.379883,5634.47998,5655.319824,4358260000,^GSPC
5/6/2025,5606.910156,5649.580078,5586.040039,5605.870117,4717260000,^GSPC
5/7/2025,5631.279785,5654.72998,5578.640137,5614.180176,4987440000,^GSPC
5/8/2025,5663.939941,5720.100098,5635.379883,5663.600098,5627400000,^GSPC
5/9/2025,5659.910156,5691.689941,5644.149902,5679.649902,4645090000,^GSPC
5/12/2025,5844.189941,5845.370117,5786.080078,5807.200195,6014580000,^GSPC
5/13/2025,5886.549805,5906.640137,5845.02002,5854.149902,5516290000,^GSPC
5/14/2025,5892.580078,5906.549805,5872.109863,5896.740234,5233450000,^GSPC
5/15/2025,5916.930176,5924.209961,5865.160156,5869.819824,4991290000,^GSPC
5/16/2025,5958.379883,5958.620117,5907.359863,5929.089844,4850850000,^GSPC
5/19/2025,5963.600098,5968.609863,5895.689941,5902.879883,4144010000,^GSPC
5/20/2025,5940.459961,5953.060059,5909.259766,5944.660156,4416850000,^GSPC
5/21/2025,5844.609863,5938.370117,5830.910156,5910.180176,5254250000,^GSPC
5/22/2025,5842.009766,5878.080078,5825.819824,5841.259766,5157050000,^GSPC
5/23/2025,5802.819824,5829.509766,5767.410156,5781.890137,4662820000,^GSPC
5/27/2025,5921.540039,5924.330078,5854.069824,5854.069824,5366380000,^GSPC
5/28/2025,5888.549805,5939.919922,5881.879883,5925.540039,4665050000,^GSPC
5/29/2025,5912.169922,5943.129883,5873.799805,5939.959961,4569750000,^GSPC
5/30/2025,5911.689941,5922.140137,5843.660156,5903.669922,6378540000,^GSPC
6/2/2025,5935.939941,5937.399902,5861.430176,5896.680176,4832240000,^GSPC
6/3/2025,5970.370117,5981.350098,5929,5938.560059,5026680000,^GSPC
6/4/2025,5970.810059,5990.47998,5966.109863,5978.939941,4767050000,^GSPC
6/5/2025,5939.299805,5999.700195,5921.200195,5985.669922,5091850000,^GSPC
6/6/2025,6000.359863,6016.870117,5978.629883,5987.060059,4355710000,^GSPC
6/9/2025,6005.879883,6021.310059,5994.180176,6004.629883,4642360000,^GSPC
6/10/2025,6038.810059,6043.009766,6000.279785,6009.910156,4882880000,^GSPC
6/11/2025,6022.240234,6059.399902,6002.319824,6049.379883,5111550000,^GSPC
6/12/2025,6045.259766,6045.430176,6003.879883,6009.899902,4669500000,^GSPC
6/13/2025,5976.970215,6026.160156,5963.209961,6000.560059,5258910000,^GSPC
6/16/2025,6033.109863,6050.830078,6004,6004,5111710000,^GSPC
6/17/2025,5982.720215,6023.25,5974.799805,6012.149902,4955700000,^GSPC
6/18/2025,5980.870117,6018.25,5971.890137,5987.930176,5106470000,^GSPC
6/20/2025,5967.839844,6018.200195,5952.560059,5999.669922,7451500000,^GSPC
6/23/2025,6025.169922,6028.77002,5943.22998,5969.669922,5597000000,^GSPC
6/24/2025,6092.180176,6101.759766,6059.25,6061.209961,5443690000,^GSPC
6/25/2025,6092.160156,6108.509766,6080.089844,6104.22998,5171110000,^GSPC
6/26/2025,6141.02002,6146.52002,6107.27002,6112.089844,5308140000,^GSPC
6/27/2025,6173.069824,6187.680176,6132.350098,6150.700195,7889350000,^GSPC
6/30/2025,6204.950195,6215.080078,6174.970215,6193.359863,5782900000,^GSPC
7/1/2025,6198.009766,6210.779785,6177.970215,6187.25,6275310000,^GSPC
7/2/2025,6227.419922,6227.600098,6188.290039,6193.879883,5645710000,^GSPC
7/3/2025,6279.350098,6284.649902,6246.459961,6246.459961,3378110000,^GSPC
7/7/2025,6229.97998,6262.069824,6201,6259.040039,5236740000,^GSPC
7/8/2025,6225.52002,6242.700195,6217.75,6234.029785,5739030000,^GSPC
7/9/2025,6263.259766,6269.160156,6231.430176,6243.330078,4813340000,^GSPC
7/10/2025,6280.459961,6290.220215,6251.439941,6266.799805,5367350000,^GSPC
7/11/2025,6259.75,6269.439941,6237.600098,6255.680176,4656210000,^GSPC
7/14/2025,6268.560059,6273.310059,6239.220215,6255.149902,4722250000,^GSPC
7/15/2025,6243.759766,6302.040039,6241.680176,6295.290039,5133670000,^GSPC
7/16/2025,6263.700195,6268.120117,6201.589844,6254.5,5177460000,^GSPC
7/17/2025,6297.359863,6304.689941,6262.27002,6263.399902,5512290000,^GSPC
7/18/2025,6296.790039,6315.609863,6285.27002,6312.950195,5184700000,^GSPC
7/21/2025,6305.600098,6336.080078,6303.790039,6304.740234,5010840000,^GSPC
7/22/2025,6309.620117,6316.120117,6281.709961,6306.600098,5662040000,^GSPC
7/23/2025,6358.910156,6360.640137,6317.490234,6326.899902,5642510000,^GSPC
7/24/2025,6363.350098,6381.310059,6360.569824,6368.600098,5282720000,^GSPC
7/25/2025,6388.640137,6395.819824,6368.529785,6370.009766,4470720000,^GSPC
7/28/2025,6389.77002,6401.069824,6375.790039,6397.689941,4565620000,^GSPC
7/29/2025,6370.859863,6409.259766,6363.919922,6405.620117,5076120000,^GSPC
7/30/2025,6362.899902,6396.540039,6336.379883,6381.22998,5375070000,^GSPC
7/31/2025,6339.390137,6427.02002,6327.640137,6427.02002,6077080000,^GSPC
8/1/2025,6238.009766,6287.279785,6212.689941,6287.279785,5827150000,^GSPC
8/4/2025,6329.939941,6330.689941,6271.709961,6271.709961,4842580000,^GSPC
8/5/2025,6299.189941,6346,6289.370117,6336.629883,5517410000,^GSPC
8/6/2025,6345.060059,6352.830078,6301.109863,6309.299805,5408560000,^GSPC
8/7/2025,6340,6389.709961,6310.319824,6374.319824,5306090000,^GSPC
8/8/2025,6389.450195,6395.160156,6355.220215,6355.220215,4769910000,^GSPC
8/11/2025,6373.450195,6407.25,6364.060059,6389.669922,4652400000,^GSPC
8/12/2025,6445.759766,6446.549805,6385.759766,6395.169922,5135300000,^GSPC
8/13/2025,6466.580078,6480.279785,6445.02002,6462.669922,5195950000,^GSPC
8/14/2025,6468.540039,6473.919922,6441.069824,6453.459961,4462050000,^GSPC
8/15/2025,6449.799805,6481.339844,6441.850098,6477.379883,4575060000,^GSPC
8/18/2025,6449.149902,6455.350098,6437.700195,6445.02002,4162290000,^GSPC
8/19/2025,6411.370117,6456.47998,6400.220215,6446.240234,4377440000,^GSPC
8/20/2025,6395.779785,6408.399902,6343.859863,6406.620117,4470390000,^GSPC
8/21/2025,6370.169922,6393.649902,6352.709961,6380.830078,4013560000,^GSPC
8/22/2025,6466.910156,6478.890137,6384.589844,6384.589844,5046860000,^GSPC
8/25/2025,6439.319824,6466.890137,6438.060059,6457.669922,4059070000,^GSPC
8/26/2025,6465.939941,6468.370117,6429.209961,6435.490234,4867680000,^GSPC
8/27/2025,6481.399902,6487.060059,6457.839844,6462.259766,4143680000,^GSPC
8/28/2025,6501.859863,6508.22998,6466.959961,6483.839844,4283760000,^GSPC
8/29/2025,6460.259766,6491.759766,6444.569824,6489.279785,4234840000,^GSPC
9/2/2025,6415.540039,6416.540039,6360.580078,6401.509766,4784000000,^GSPC
9/3/2025,6448.259766,6453.669922,6416.169922,6445.819824,4465360000,^GSPC
9/4/2025,6502.080078,6502.540039,6445.97998,6456.600098,4670770000,^GSPC
9/5/2025,6481.5,6532.649902,6443.97998,6529.080078,5066120000,^GSPC
9/8/2025,6495.149902,6508.669922,6483.290039,6498.089844,5211500000,^GSPC
9/9/2025,6512.609863,6518.22998,6483.080078,6503.330078,4798350000,^GSPC
9/10/2025,6532.040039,6555.970215,6516.339844,6550.290039,5253010000,^GSPC
9/11/2025,6587.470215,6592.890137,6545.799805,6554.410156,5426460000,^GSPC
9/12/2025,6584.290039,6600.209961,6579.490234,6590.660156,4641640000,^GSPC
9/15/2025,6615.279785,6619.620117,6602.069824,6603.490234,5045020000,^GSPC
9/16/2025,6606.759766,6626.990234,6600.109863,6624.129883,5359510000,^GSPC
9/17/2025,6600.350098,6624.390137,6551.149902,6604.870117,5805340000,^GSPC
9/18/2025,6631.959961,6656.799805,6611.890137,6626.850098,5292400000,^GSPC
9/19/2025,6664.359863,6671.819824,6630.310059,6647.109863,9125960000,^GSPC
9/22/2025,6693.75,6698.879883,6648.069824,6654.279785,5642620000,^GSPC
9/23/2025,6656.919922,6699.52002,6645.580078,6692.439941,5633620000,^GSPC
9/24/2025,6637.970215,6672.660156,6621.759766,6669.790039,5459180000,^GSPC
9/25/2025,6604.720215,6619,6569.220215,6608.189941,5874670000,^GSPC
9/26/2025,6643.700195,6648.970215,6604.430176,6615.379883,5103110000,^GSPC
9/29/2025,6661.209961,6677.310059,6644.490234,6661.580078,5358760000,^GSPC
9/30/2025,6688.459961,6691.25,6641,6656.189941,6057210000,^GSPC
10/1/2025,6711.200195,6718.47998,6656.200195,6664.919922,6037950000,^GSPC
10/2/2025,6715.350098,6731.939941,6693.22998,6731.310059,5416130000,^GSPC
10/3/2025,6715.790039,6750.870117,6705.669922,6722.140137,5713110000,^GSPC
10/6/2025,6740.279785,6749.52002,6717.779785,6733.859863,5604460000,^GSPC
10/7/2025,6714.589844,6754.490234,6699.959961,6746.140137,5546150000,^GSPC
10/8/2025,6753.720215,6755.640137,6718.089844,6723.870117,5383130000,^GSPC
10/9/2025,6735.109863,6764.580078,6716.169922,6760.5,5385020000,^GSPC
10/10/2025,6552.509766,6762.399902,6550.779785,6740.490234,6596610000,^GSPC
10/13/2025,6654.720215,6668.680176,6620.709961,6622.529785,5303960000,^GSPC
10/14/2025,6644.310059,6680.700195,6555.069824,6602.490234,5666920000,^GSPC
10/15/2025,6671.060059,6724.120117,6612.109863,6688.27002,5633060000,^GSPC
10/16/2025,6629.069824,6709.339844,6593.990234,6689.02002,6048180000,^GSPC
10/17/2025,6664.009766,6678.879883,6603.759766,6613.27002,5358120000,^GSPC
10/20/2025,6735.129883,6744.350098,6690.049805,6690.049805,4672170000,^GSPC
10/21/2025,6735.350098,6752.160156,6722.029785,6736.75,5245020000,^GSPC
10/22/2025,6699.399902,6741.75,6655.689941,6741.339844,5710010000,^GSPC
10/23/2025,6738.439941,6749.529785,6700.140137,6703.649902,5565750000,^GSPC
10/24/2025,6791.689941,6807.109863,6772.069824,6772.069824,5058220000,^GSPC
10/27/2025,6875.160156,6877.279785,6843.939941,6845.459961,5290650000,^GSPC
10/28/2025,6890.890137,6911.299805,6870.72998,6897.740234,5695930000,^GSPC
10/29/2025,6890.589844,6920.339844,6851.910156,6910.950195,6280130000,^GSPC
10/30/2025,6822.339844,6880.75,6820.689941,6860.5,6052700000,^GSPC
10/31/2025,6840.200195,6879.169922,6814.259766,6879.169922,6398280000,^GSPC
11/3/2025,6851.970215,6882.319824,6820.620117,6882.319824,6065720000,^GSPC
11/4/2025,6771.549805,6820.209961,6766.709961,6788.52002,5739510000,^GSPC
11/5/2025,6796.290039,6829.779785,6763.109863,6769.77002,5939600000,^GSPC
11/6/2025,6720.319824,6796.680176,6707.509766,6787.589844,6051900000,^GSPC
11/7/2025,6728.799805,6730.109863,6631.439941,6696.180176,5926070000,^GSPC
11/10/2025,6832.430176,6841.319824,6770.560059,6785.359863,5366050000,^GSPC
11/11/2025,6846.609863,6855.129883,6806.870117,6815.640137,4983490000,^GSPC
11/12/2025,6850.919922,6869.910156,6829.620117,6867.77002,5293610000,^GSPC
11/13/2025,6737.490234,6828.049805,6724.720215,6826.470215,5473720000,^GSPC
11/14/2025,6734.109863,6774.310059,6646.870117,6672.140137,5042660000,^GSPC
11/17/2025,6672.410156,6754.5,6638.899902,6713.609863,5204220000,^GSPC
11/18/2025,6617.319824,6666.629883,6574.319824,6641.189941,5159390000,^GSPC
11/19/2025,6642.160156,6689.75,6603.5,6625.839844,5021610000,^GSPC
11/20/2025,6538.759766,6770.350098,6534.049805,6737.930176,5596080000,^GSPC
11/21/2025,6602.990234,6660.049805,6521.919922,6555.77002,5929930000,^GSPC
11/24/2025,6705.120117,6715.75,6630.700195,6636.540039,6039740000,^GSPC
11/25/2025,6765.879883,6776.399902,6659.97998,6697.029785,5003330000,^GSPC
11/26/2025,6812.609863,6831.439941,6783.870117,6793.549805,4485000000,^GSPC
11/28/2025,6849.089844,6850.859863,6819.75,6822.52002,2558540000,^GSPC
12/1/2025,6812.629883,6843.649902,6799.939941,6812.299805,4549370000,^GSPC
12/2/2025,6829.370117,6851.549805,6806.709961,6830.959961,4582290000,^GSPC
12/3/2025,6849.720215,6862.419922,6810.430176,6815.290039,4736780000,^GSPC
12/4/2025,6857.120117,6866.470215,6827.120117,6866.470215,4872440000,^GSPC
12/5/2025,6870.399902,6895.779785,6858.290039,6866.319824,4944560000,^GSPC
12/8/2025,6846.509766,6878.27002,6827.189941,6875.200195,4757130000,^GSPC
12/9/2025,6840.509766,6864.919922,6837.430176,6840.609863,4508050000,^GSPC
12/10/2025,6886.680176,6900.669922,6824.689941,6833.490234,5526570000,^GSPC
12/11/2025,6901,6903.459961,6833.450195,6861.299805,5021060000,^GSPC
12/12/2025,6827.410156,6899.850098,6801.790039,6886.850098,4910160000,^GSPC
12/15/2025,6816.509766,6861.589844,6801.490234,6860.189941,4975600000,^GSPC
12/16/2025,6800.259766,6819.27002,6759.740234,6800.120117,4983180000,^GSPC
12/17/2025,6721.430176,6812.259766,6720.430176,6802.879883,5122120000,^GSPC
12/18/2025,6774.759766,6816.129883,6758.5,6778.060059,5101190000,^GSPC
12/19/2025,6834.5,6840.02002,6792.620117,6792.620117,8554470000,^GSPC
12/22/2025,6878.490234,6882.029785,6855.740234,6865.209961,4465030000,^GSPC
12/23/2025,6909.790039,6910.879883,6868.810059,6872.410156,3820560000,^GSPC
12/24/2025,6932.049805,6937.319824,6904.910156,6904.910156,1798270000,^GSPC
12/26/2025,6929.939941,6945.77002,6921.600098,6936.02002,2586550000,^GSPC
12/29/2025,6905.740234,6920.209961,6888.759766,6903.600098,3541750000,^GSPC
12/30/2025,6896.240234,6913.25,6893.470215,6900.439941,3309930000,^GSPC
12/31/2025,6845.5,6901.419922,6844.549805,6898.819824,3261830000,^GSPC
1/2/2026,6858.470215,6894.870117,6824.310059,6878.109863,4184120000,^GSPC
1/5/2026,6902.049805,6920.379883,6891.560059,6892.189941,5771930000,^GSPC
1/6/2026,6944.819824,6948.689941,6904.02002,6908.029785,5509680000,^GSPC
1/7/2026,6920.930176,6965.689941,6919.189941,6945.069824,5214480000,^GSPC
1/8/2026,6921.459961,6931.279785,6899.330078,6914.109863,5333200000,^GSPC
1/9/2026,6966.279785,6978.359863,6917.640137,6927.830078,5163900000,^GSPC
1/12/2026,6977.27002,6986.330078,6934.069824,6944.120117,5019040000,^GSPC
1/13/2026,6963.740234,6985.830078,6938.77002,6977.410156,5091730000,^GSPC
1/14/2026,6926.600098,6941.299805,6885.740234,6937.410156,5530830000,^GSPC
1/15/2026,6944.470215,6979.339844,6937.930176,6969.459961,5114050000,^GSPC
1/16/2026,6940.009766,6967.299805,6925.089844,6960.540039,5356550000,^GSPC
1/20/2026,6796.859863,6871.169922,6789.049805,6865.240234,5769500000,^GSPC
1/21/2026,6875.620117,6910.390137,6804.959961,6810.709961,5835520000,^GSPC
1/22/2026,6913.350098,6934.75,6893.620117,6914.439941,5307580000,^GSPC
1/23/2026,6915.609863,6932.959961,6895.5,6907.850098,4871930000,^GSPC
1/26/2026,6950.22998,6964.660156,6921.600098,6923.22998,4968050000,^GSPC
1/27/2026,6978.600098,6988.819824,6958.830078,6965.959961,5331720000,^GSPC
1/28/2026,6978.029785,7002.279785,6963.459961,7002,5507670000,^GSPC
1/29/2026,6969.009766,6992.839844,6870.799805,6977.740234,6877780000,^GSPC
1/30/2026,6939.029785,6964.089844,6893.47998,6947.27002,6697340000,^GSPC
2/2/2026,6976.439941,6991.919922,6914.339844,6916.640137,5772050000,^GSPC
2/3/2026,6917.810059,6993.080078,6862.049805,6985.450195,7017660000,^GSPC
2/4/2026,6882.720215,6936.089844,6838.799805,6924.5,7475750000,^GSPC
2/5/2026,6798.399902,6857.850098,6780.129883,6837.390137,6989120000,^GSPC
2/6/2026,6932.299805,6944.890137,6816.740234,6816.740234,6283680000,^GSPC
2/9/2026,6964.819824,6980.100098,6905.870117,6917.259766,5650260000,^GSPC
2/10/2026,6941.810059,6986.830078,6937.529785,6974.490234,5595950000,^GSPC
2/11/2026,6941.470215,6993.47998,6911.970215,6976.47998,6175510000,^GSPC
2/12/2026,6832.759766,6973.220215,6824.040039,6957.540039,7118700000,^GSPC
2/13/2026,6836.169922,6881.959961,6794.549805,6834.27002,5718360000,^GSPC
2/17/2026,6843.220215,6866.990234,6775.5,6819.859863,5418480000,^GSPC
2/18/2026,6881.310059,6909.120117,6849.660156,6855.47998,5098160000,^GSPC
2/19/2026,6861.890137,6879.120117,6833.060059,6861.339844,5151690000,^GSPC
2/20/2026,6909.509766,6915.859863,6836.330078,6843.259766,5432480000,^GSPC
2/23/2026,6837.75,6916.959961,6819.819824,6901.25,5638350000,^GSPC
2/24/2026,6890.069824,6899.169922,6815.430176,6837.370117,5266090000,^GSPC
2/25/2026,6946.129883,6952.509766,6915.149902,6915.149902,5328060000,^GSPC
2/26/2026,6908.859863,6947.25,6859.72998,6944.740234,5889550000,^GSPC
2/27/2026,6878.879883,6882.959961,6831.740234,6856.540039,6665660000,^GSPC
3/2/2026,6881.620117,6901.009766,6796.850098,6824.359863,6079080000,^GSPC
3/3/2026,6816.629883,6840.049805,6710.419922,6800.259766,6442080000,^GSPC
3/4/2026,6869.5,6885.939941,6811.640137,6831.689941,5252170000,^GSPC
3/5/2026,6830.709961,6870.430176,6770.779785,6851.080078,5989300000,^GSPC
3/6/2026,6740.02002,6773.419922,6711.560059,6769.029785,5793120000,^GSPC
3/9/2026,6795.990234,6810.439941,6636.040039,6699.799805,6709410000,^GSPC
3/10/2026,6781.47998,6845.080078,6759.740234,6796.560059,5944950000,^GSPC
3/11/2026,6775.799805,6811.149902,6745.589844,6790.089844,5511090000,^GSPC
3/12/2026,6672.620117,6740.879883,6670.399902,6740.879883,6292170000,^GSPC
3/13/2026,6632.189941,6733.299805,6623.919922,6673.490234,5337120000,^GSPC
3/16/2026,6699.379883,6729.790039,6674.370117,6674.370117,5176290000,^GSPC
3/17/2026,6716.089844,6754.299805,6710.799805,6722.350098,5063390000,^GSPC
3/18/2026,6624.700195,6705.180176,6621.660156,6697.160156,5275480000,^GSPC
3/19/2026,6606.490234,6636.740234,6557.819824,6583.120117,5973390000,^GSPC
3/20/2026,6506.47998,6594.660156,6473.52002,6594.660156,10025820000,^GSPC
3/23/2026,6581,6651.620117,6565.549805,6574.959961,6020650000,^GSPC
3/24/2026,6556.370117,6595.75,6525.109863,6552.089844,5278580000,^GSPC
3/25/2026,6591.899902,6633.939941,6568.410156,6598.350098,4936720000,^GSPC
3/26/2026,6477.160156,6573.220215,6473.790039,6555.859863,4845560000,^GSPC
3/27/2026,6368.850098,6453.890137,6356.080078,6453.890137,5303490000,^GSPC
3/30/2026,6343.720215,6427.310059,6316.910156,6403.370117,5458640000,^GSPC
3/31/2026,6528.52002,6539.049805,6395.879883,6395.879883,6396100000,^GSPC
4/1/2026,6575.319824,6609.669922,6554.290039,6556.560059,5637260000,^GSPC
4/2/2026,6582.689941,6601.910156,6474.939941,6512.609863,4740740000,^GSPC
4/6/2026,6611.830078,6618.129883,6579.720215,6587.660156,3906440000,^GSPC
4/7/2026,6616.850098,6618.259766,6534.549805,6601.930176,4555680000,^GSPC
4/8/2026,6782.810059,6793.5,6740.279785,6754.359863,5904880000,^GSPC
4/9/2026,6824.660156,6835.310059,6761.549805,6783.689941,4912410000,^GSPC
4/10/2026,6816.890137,6845.77002,6808.459961,6839.240234,4393220000,^GSPC
4/13/2026,6886.240234,6887,6790.02002,6806.470215,4785840000,^GSPC
4/14/2026,6967.379883,6969.419922,6905.169922,6910.200195,5032380000,^GSPC
4/15/2026,7022.950195,7026.240234,6967.129883,6978.169922,5278610000,^GSPC
4/16/2026,7041.279785,7051.22998,7008.52002,7037.779785,5173650000,^GSPC
4/17/2026,7126.060059,7147.52002,7074.549805,7074.549805,6145300000,^GSPC
4/20/2026,7109.140137,7122.649902,7084.410156,7117.049805,4661130000,^GSPC
4/21/2026,7064.009766,7137.27002,7050.200195,7122.640137,5160270000,^GSPC
4/22/2026,7137.899902,7138.640137,7102.910156,7102.910156,4919460000,^GSPC
4/23/2026,7108.399902,7147.779785,7046.549805,7118.799805,5307260000,^GSPC
4/24/2026,7165.080078,7168.589844,7112.819824,7136.47998,4608830000,^GSPC
4/27/2026,7173.910156,7178.740234,7146.720215,7152.720215,4783750000,^GSPC
4/28/2026,7138.799805,7152.52002,7115.169922,7133.740234,4900650000,^GSPC
4/29/2026,7135.950195,7145.629883,7107.859863,7131.609863,5123100000,^GSPC
4/30/2026,7209.009766,7219.830078,7126.149902,7161.75,5723790000,^GSPC
5/1/2026,7230.120117,7272.52002,7229.319824,7234.540039,4847390000,^GSPC
5/4/2026,7200.75,7244.540039,7174.120117,7228.379883,5215480000,^GSPC
5/5/2026,7259.220215,7273.259766,7233.620117,7233.620117,5279760000,^GSPC
5/6/2026,7365.120117,7369.220215,7294.140137,7294.140137,6579640000,^GSPC
5/7/2026,7337.109863,7385.02002,7321.25,7376.779785,6237040000,^GSPC
5/8/2026,7398.930176,7401.5,7362.970215,7362.970215,5302740000,^GSPC
5/11/2026,7412.839844,7428.970215,7384.200195,7385.310059,5821910000,^GSPC
5/12/2026,7400.959961,7409.569824,7338.540039,7390.629883,3208889000,^GSPC
